-- MySQL dump 10.13  Distrib 8.0.30, for macos12 (arm64)
--
-- Host: 192.168.33.111    Database: bearsu
-- ------------------------------------------------------
-- Server version	5.5.5-10.4.26-MariaDB

/*!40101 SET @OLD_CHARACTER_SET_CLIENT=@@CHARACTER_SET_CLIENT */;
/*!40101 SET @OLD_CHARACTER_SET_RESULTS=@@CHARACTER_SET_RESULTS */;
/*!40101 SET @OLD_COLLATION_CONNECTION=@@COLLATION_CONNECTION */;
/*!50503 SET NAMES utf8mb4 */;
/*!40103 SET @OLD_TIME_ZONE=@@TIME_ZONE */;
/*!40103 SET TIME_ZONE='+00:00' */;
/*!40014 SET @OLD_UNIQUE_CHECKS=@@UNIQUE_CHECKS, UNIQUE_CHECKS=0 */;
/*!40014 SET @OLD_FOREIGN_KEY_CHECKS=@@FOREIGN_KEY_CHECKS, FOREIGN_KEY_CHECKS=0 */;
/*!40101 SET @OLD_SQL_MODE=@@SQL_MODE, SQL_MODE='NO_AUTO_VALUE_ON_ZERO' */;
/*!40111 SET @OLD_SQL_NOTES=@@SQL_NOTES, SQL_NOTES=0 */;

--
-- Table structure for table `area`
--

DROP TABLE IF EXISTS `area`;
/*!40101 SET @saved_cs_client     = @@character_set_client */;
/*!50503 SET character_set_client = utf8mb4 */;
CREATE TABLE `area` (
  `sid` int(11) NOT NULL AUTO_INCREMENT,
  `name` varchar(255) NOT NULL,
  `city_sid` int(11) NOT NULL,
  PRIMARY KEY (`sid`),
  KEY `city_sid` (`city_sid`),
  CONSTRAINT `area_ibfk_1` FOREIGN KEY (`city_sid`) REFERENCES `city` (`sid`)
) ENGINE=InnoDB AUTO_INCREMENT=13 DEFAULT CHARSET=utf8;
/*!40101 SET character_set_client = @saved_cs_client */;

--
-- Dumping data for table `area`
--

LOCK TABLES `area` WRITE;
/*!40000 ALTER TABLE `area` DISABLE KEYS */;
INSERT INTO `area` VALUES (1,'中正區',2),(2,'大同區',2),(3,'中山區',2),(4,'松山區',2),(5,'大安區',2),(6,'萬華區',2),(7,'信義區',2),(8,'士林區',2),(9,'北投區',2),(10,'內湖區',2),(11,'南港區',2),(12,'文山區',2);
/*!40000 ALTER TABLE `area` ENABLE KEYS */;
UNLOCK TABLES;

--
-- Table structure for table `article`
--

DROP TABLE IF EXISTS `article`;
/*!40101 SET @saved_cs_client     = @@character_set_client */;
/*!50503 SET character_set_client = utf8mb4 */;
CREATE TABLE `article` (
  `sid` int(11) NOT NULL AUTO_INCREMENT,
  `date` varchar(10) DEFAULT NULL,
  `title` varchar(23) DEFAULT NULL,
  `introduction` varchar(2043) DEFAULT NULL,
  `img` varchar(255) NOT NULL,
  `article_classification_sid` int(11) NOT NULL,
  `members_sid` int(11) NOT NULL,
  PRIMARY KEY (`sid`),
  KEY `article_classification_sid` (`article_classification_sid`),
  CONSTRAINT `article_ibfk_1` FOREIGN KEY (`article_classification_sid`) REFERENCES `article_classification` (`sid`)
) ENGINE=InnoDB AUTO_INCREMENT=18 DEFAULT CHARSET=utf8;
/*!40101 SET character_set_client = @saved_cs_client */;

--
-- Dumping data for table `article`
--

LOCK TABLES `article` WRITE;
/*!40000 ALTER TABLE `article` DISABLE KEYS */;
INSERT INTO `article` VALUES (1,'2022-08-23','處暑潤肺防秋燥 多吃葡萄白木耳','今天（二十三日）為二十四節氣中的「處暑」。處暑，意即「出暑」，是炎熱離開的意思。處暑意味著酷熱難熬的天氣，已經來到「尾聲」，天氣雖仍熱，但氣溫已逐漸下降。中醫師表示，處暑養生首防「秋燥」，要潤肺滋陰，可多吃水梨、蓮藕、白木耳（銀耳）、葡萄等。\r\n翰鳴堂中醫診所中醫師涂育維表示，「處暑」後暑氣漸漸消退，天氣由炎熱向涼爽過渡，養生重點是預防「秋燥」。「秋燥症」主要表現為皮膚乾澀粗糙，鼻腔乾燥疼痛或口燥咽乾等，需要及時採取預防措施，以免發展為疾病。\r\n處暑後，陽氣日消，陰氣日盛。但此時盛夏的餘熱還沒有消除，是俗稱的「秋老虎」時節，因此不少民眾仍然會覺得天氣炎熱。所謂「預防勝於治療」，與其擔心新冠疫情，不如從自身做起，做好個人防疫（衛生）之餘，應多「養肺」、增強免疫力。\r\n養氣潤肺茶 改善乾咳症狀由於處暑後，較易引發呼吸道疾病如氣喘、咳嗽等，因此肺功能不佳者，尤重「潤肺滋陰」。此時氣候漸偏乾燥，耗損人體津液，而燥氣最容易影響的就是「肺臟」。\r\n飲食可多吃潤肺效果食物以「顧肺」，例如水梨有潤肺清熱、止咳消痰功效；蓮藕清肺熱、解渴除煩；蜂蜜可補脾胃、潤腸、潤肺；葡萄可補氣血、益肝腎、生津液、止咳除煩；白木耳則能養陰清熱潤燥，最適合肺氣不足者日常保養。\r\n「陰虛燥熱」以及「體質虛弱」的民眾，最容易因為本身呼吸系統內溼度不足，在吸入乾燥空氣時，刺激氣管誘發乾咳；症狀為痰少膠粘難咯，咽喉乾癢少津，鼻乾唇燥。\r\n患者如發生燥咳，中醫治療會採用具「養陰生津潤肺止咳」功效的麥門冬、玉竹、天花粉、川貝母、沙參、西洋參、款冬花、百合等藥材。\r\n涂育維說，有乾咳症狀者，每日白天可服用一杯「養氣潤肺茶」。其材料、作法、功效如下：\r\n材料：西洋參五克、麥門冬五克、沙參五克。\r\n作法：將中藥材用六百西西的水煮沸後，小火煮十分鐘，放溫飲用。\r\n功效：西洋參補氣養陰，增強免疫力。麥門冬潤肺生津、沙參養陰清肺。\r\n皮膚易乾癢 少吃辛辣燒烤血虛體質多數為年長者，由於年紀大，身體機能走下坡，尤其是肝腎虧虛，體內的血不足，而無法無法濡養皮膚表面。尤其在天氣轉涼、人體皮脂腺分泌減少之際，皮膚容易乾燥發癢。\r\n除了老化因素，作息及飲食失調，如經常熬夜，嗜吃炸烤辛辣等刺激性食物，也會耗損陰血，加重「血虛」問題。針對此類體質者，中藥調理常以補肝血的四物湯，或六味地黃丸當作基底，再加減其他藥材，譬如可滋潤、補血的當歸，或有助保溼的麥門冬。\r\n中醫師涂育維提醒，處暑時節，易有乾咳及皮膚乾癢問題者，平時應養成良好生活習慣，避免熬夜，少吃辛辣及油炸燒烤食物。同時，要多到戶外運動，調暢情緒，避免生氣傷陰。而容易乾咳、皮膚癢、便祕的人，則建議多補充溫水或蜂蜜水，以改善秋燥。','article_01_01',1,1),(2,'2022-08-23','茄子營養價值高 這樣料理保色澤','「天天五蔬果」指每人每天至少要吃3份蔬菜和2份水果，蔬菜1份約是煮熟後半碗飯的量、水果1份約1個拳頭大小。顏色愈深的蔬菜，營養愈豐富，如茄子擁有亮紫色果皮，若接觸空氣氧化後，易由褐色轉黑，農糧署建議「過油再煮」或「先滾再下」，可避免茄子發黑。\r\n茄子原產於印度，在台灣栽種相當成功，5到11月都是盛產期。台灣最常見的是高屏種植的屏東長茄，占了絕大部分，農委會高雄區農改場研發出高雄二號茄子後，將它命名為「紫娘」。\r\n「紫娘」外觀和色澤較屏東長茄佳，且果形細直、果色深紫、口感更嫩，在台灣十分受歡迎。\r\n\r\n茄子果肉中的酚類化合物氧化，以及果皮中的花青素，受溫度或酸鹼影響，都有可能導致茄子由褐色轉黑。\r\n農糧署建議，「過油再煮」可避免茄子發黑，烹煮前先在160至180℃油溫中過油、翻面40秒，軟化後即可撈出料理，製成醬燒茄子或塔香茄子，都是下飯且營養的佳餚。\r\n\r\n另一招保色澤的方法「先滾再下」，水滾沸後，將剖面的果肉朝上下鍋，汆燙約1至2分鐘，撈出冰鎮後即是涼拌茄子，較有口感、不軟爛。\r\n蔬菜含有的維生素、微量元素、纖維素及對人體有益的活性成分含量，可判斷該蔬菜營養價值。科學家發現，蔬菜顏色深淺，可做為判斷該蔬菜營養價值的依據，顏色愈深，營養價值愈高。\r\n茄子含有維生素A、維生素B群、維生素C、維生素P、鈣、磷、鎂、鉀、鐵、銅等營養素，且90%都是水分，富含膳食纖維。紫皮中含有豐富維生素E和P，可增強血管彈性，烹煮時盡量連皮煮。','article_02_01',4,2),(3,'2022-08-16','花、果、木各有用途 圖解龍眼之謎','夏天是龍眼的盛產季，大家都會細細享用品味，而龍眼不是只有果實可以吃，根據農委會指出，一整顆的龍眼樹，藏著天大的秘密，除了果實可以吃，「花、果、木」都各有用途。\r\n「花、果、木」各有用處\r\n有一種蜂蜜叫做龍眼蜜，這種蜜就是由蜜蜂採集龍眼花所生產的蜜，質地滑潤，香味濃郁。\r\n\r\n果實的部分，除了可以直接吃，還可以晒乾成龍眼乾，就是俗稱的「桂圓」；桂圓可以泡茶喝，還能做成各式各樣的料理，營養補血又好吃。\r\n\r\n而龍眼木更是非常棒的木頭，質地堅硬、出煙量少且耐燒，可以製炭或是直接當柴燒，燒烤過程中會帶有果香及濃郁煙燻味，非常適合用來窯烤披薩，可以製出濃郁煙燻口感的料理；而使用龍眼木古法煙燻乾燥的龍眼乾，味道更是香濃。\r\n\r\n保存龍眼的小撇步\r\n市場買回來的新鮮龍眼，如果當天沒有食用完，可以用報紙包起來、裝進塑膠袋密封，再放入冰箱冷藏，減少水分流失，但隨著冷藏時間愈久，龍眼風味也會愈淡。農委會提醒，鮮果要盡早食用完畢。','article_03_01',2,1),(4,'2022-08-12','【快樂甜食】健康營養素 甜蜜沒負擔','營養科學研究發現，人的喜怒哀樂與飲食存在密切的關係。有些食物能使人愉悅、安定，某些則會令人焦慮、易怒、憂愁、躁動。因此，吃東西不僅能解除饑餓感、補充營養，還可能影響人的情緒。由於食物能使人快樂、調節情緒，當心情不好的時候，吃就成了一種安慰劑。\r\n食物為何會影響心情？因為大腦中的神經傳導物質將訊息傳遞到身體各個部位，其中，能影響情緒的有腎上腺素、多巴胺、血清素和內啡?。腎上腺素、內啡?是傳遞「幸福」的化學元素；多巴胺也有改善情緒的作用；血清素會影響人的滿足感，當血清素含量不足就容易感到疲倦、情緒低落。研究指出，原因就在食物能提高支配愉悅感的神經傳導物質濃度。\r\n\r\n吃甜食有幸福感\r\n當心情不好時，你是不是會想吃個甜點呢？許多人應該都有經驗，在心情低落時吃個甜食就能讓心情愉悅些，但甜食到底有什麼魔力，可以讓人產生幸福、快樂的感覺？實際上，目前科學對此機制的許多研究推論，可能與啟發腦中的血清素濃度與邊緣系統有關。\r\n血清素是與快樂感有關的神經傳導物質，會在腦部神經細胞合成，其原料是色胺酸（tryptophan），屬於芳香族胺基酸（aromatic amino acid）。當我們攝取甜食時，血糖上升引發胰島素反應，除了讓血糖進入周邊細胞以外，芳香族胺基酸更易於進入腦部以利血清素合成，讓人產生開心、幸福的感覺。\r\n除此之外，大腦的邊緣回饋系統（limbic system）是掌管人類情緒的系統，其中包含了海馬迴、杏仁核等腦區，當我們做了「特定行為」，而這行為因為血清素的分泌增加，觸發了邊緣系統的神經反應，就會產生「愉悅」，此快樂感又會讓我們繼續執行這個「行為」。\r\n雖然吃甜食會有開心、幸福的感覺，但大量、頻繁的攝取甜食可能會造成肥胖、血糖等等問題，就長期、慢性而言，可能會影響神經細胞的健康，導致憂鬱症的風險增加，所以建議吃甜食還是要適度攝取為宜。\r\n\r\n甜味劑 是否健康\r\n什麼是食品天然甜味劑？市面上標榜使用天然零熱量「甜菊糖」，其實是萃取自南美洲的菊科草本植物甜葉菊，葉部含有糖?類化合物，具有強烈甜味，其甜度是蔗糖的200至300倍。因此在使用上幾乎是沒有熱量，一般在入口後散發甜味的速度較慢，甜味較持久，亦帶點苦澀或類似甘草的味道。\r\n此外，常在口香糖中吃到的甜味，或是有些牙膏會甜甜的，大部分是添加天然萃取的糖醇類。經常使用在食品的糖醇類，包括：木糖醇、麥芽糖醇、甘露糖醇、赤藻糖醇、山梨糖醇等，可從玉米、橡樹、甘蔗渣中提煉獲得。糖醇屬於還原糖類，具有類似砂糖的甜味，由於人體無法消化而被腸道細菌發酵，所以熱量也比一般糖低。不過，糖醇類每公克仍有2.4大卡的熱量，熱量控制上仍須適量攝取。\r\n而人工甜味劑最常出現在代糖的糖包、無糖可樂或飲料中，人工甜味劑包括：糖精、阿斯巴甜、醋磺內酯鉀、蔗糖素等，是透過化學合成而具有甜味的化學物質，例如阿斯巴甜的甜度高，使用極少即能產生甜味，但對熱不穩定，不適合用於烘焙。\r\n由於人工甜味劑的安全性經常被質疑，因此各國都有相關使用規範，只要是正常情況下使用，應該是安全的。\r\n代糖與糖有何差異\r\n根據產生熱量與否，代糖可分為營養性甜味劑和非營養性甜味劑兩大類。營養性甜味劑雖然食用後會產生熱量，但每公克產生的熱量還是較蔗糖低，常見的包括木糖醇（Xylitol） 、甘露糖醇（Mannitol）、山梨糖醇（Sorbitol） 、赤藻糖醇 （Erythritol），這些通常用於口香糖或其他食品的甜味劑。\r\n非營養性甜味劑，是指食用後不產生熱量的代糖，又稱為「人工甜味劑」，由於供應穩定，價格較低且甜度高，常用於零食、酸梅、蜜餞及堅果等食品，目前常見的包括糖精（Saccharin） 、甜精（Cyclamate） 、阿斯巴甜（Aspartame） 。其中，市面上常使用的人工代糖，以阿斯巴甜用量最大，常使用於飲料與糖果中，或製成糖包以及作為糖尿病患者特殊營養食品的成分。\r\n\r\n甜度和熱量有利弊\r\n另外要注意的是，阿斯巴甜是相對安全的甜味劑，但由於人體食用之後，會分解成苯丙胺酸（Phenylalanine）與天門冬胺酸（Aspartic Acid），因此苯丙酮尿症（Phenylketonuria, PKU）的患者須避免食用，若使用阿斯巴甜作為甜味劑的產品包裝上也須標註警語。\r\n台北醫學大學營養學院陳俊榮副院長解釋，其實阿斯巴甜是由2個胺基酸所組成，熱量跟蛋白質相同，每公克可以提供4大卡熱量，但可宣稱無熱量的關鍵，在於阿斯巴甜的單位甜度為一般蔗糖的150至200倍。一杯500毫升含一般砂糖10％的飲料，含有50公克的蔗糖，可提供200大卡的熱量，而一杯與含一般糖10％同樣甜度的飲料，若使用阿斯巴甜代糖，只需用0.25克，一杯飲料僅有1大卡，因此在熱量上幾乎可以忽略不計。\r\n陳副院長也提醒，代糖雖然熱量極低，但是長期食用容易忽視其他食物熱量的攝取，反而會有肥胖的風險，過量食用也可能產生腹脹、腹瀉的狀況。','article_04_01',4,2),(5,'2022-08-16','植物肉有益健康 可望取代動物製品','發表在科學雜誌《未來食品》( Future Foods ) 上的一項新研究指出，植物肉具有良好的營養成分，且其味道、質地和口感，是參考動物肉複製而成，因此植物肉有機會取代動物製品，提供消費者環境永續的選擇。若未來加工和成分更加創新，增進植物肉營養價值指日可待。\r\n植物肉對健康的益處該研究指出，40%的動物肉被視為「不太健康」，植物肉僅占 14%，且植物肉和奶製品有助於減重和增肌，並可用於幫助患有特定健康狀況的人，每天食用植物肉可使髖部骨折風險降低 49%。\r\n與雞肉相比，由真菌蛋白（一種源自真菌的單細胞蛋白）製成的肉可顯著降低胰島素反應，從而減少體重超重的人胰島素釋放。\r\n報告指出，在許多情況下，植物性成分的加工可以改善營養，例如豆類製作成植物肉，可增強人們消化它們的能力。植物性食物具有降低膽固醇的功效，並有助於改善腸道健康。\r\n製造商若在植物性食品中添加食用真菌、微藻或螺旋藻等成，可增強氨基酸、維生素B和E，以及抗氧化劑等特性。未來加工和成分創新，將可增進其營養價值。\r\n若要實現這些目標，勢必需要額外的研究資金，確保製造商能夠生產出味道更好、更健康的產品，並為消費者提供環境友善的選擇。\r\n\r\n植物肉較永續環境研究提及，植物性產品產生的溫室氣體較動物性產品低。用豌豆蛋白代替5%的德國牛肉消費量，每年可減少800 萬噸二氧化碳排放；與牛肉漢堡相比，植物性漢堡的溫室氣體排放量少了98%。\r\n植物性產品較動物性產品，所需的農業用地和用水少，造成的環境汙染也少，所需能源亦不多於動物性產品。\r\n由於植物肉的味道、質地和口感，是參考動物肉複製而成，因此與其他全植物性食品，植物肉更有機會取代動物製品，可減少對環境產生的汙染。','article_05_01',4,4),(6,'2022-08-02','吃素無法增肌減脂？ 蛋白質攝取4大迷思','近年健身、肌力鍛鍊成為顯學，蛋白質在肌肉的生成扮演關鍵角色，就連生酮飲食等減肥法，也與蛋白質息息相關。蛋白質是人體不可或缺的營養素之一，有許多身體無法合成的胺基酸，需要藉由蛋白質食物獲得。但你的身體到底需要多少蛋白質？關於蛋白質攝取常見的迷思，美國《預防》雜誌請來專家解答。\r\n迷思1 蛋白質沒有過多的問題。\r\n真相：即使身體健康的人，高蛋白飲食仍存在風險。人體利用蛋白質時，血液中的廢物會增加，腎臟則負責將其排出體外。當你吃得比身體需求多時，腎臟負擔過重，可能導致損傷。\r\n華盛頓營養學家Ruby Lathon認為，較嚴重的問題出在使用生酮飲食的人身上，這類飲食包含大量肉類和雞蛋，往往含有高膽固醇，增加心臟病和癌症風險。有人把蛋白質當成減肥的靈丹妙藥，Ruby Lathon博士提醒，儘管卡路里是來自肉類等蛋白質，但跟你吃米飯一樣，多餘的卡路里都會轉化成糖，最後以脂肪的形式儲存。\r\n迷思2 人體無法從植物中獲取足夠的蛋白質、吃肉才能增肌減脂。\r\n真相：可以。過去專家認為，必須將某些植物蛋白搭配食用，才能獲得完整蛋白質。2019年一項研究發現，吃富含蛋白質食物的素食者，可以獲得足夠且完整的胺基酸。現在我們知道，不用在一餐內做特定植物組合，只要多元攝取各種植物性蛋白質，例如，豆類、堅果和種子，就可以滿足日常需求、增進肌肉生長，與動物性蛋白質無異。\r\n例如，每100公克毛豆就有13.8克的蛋白質，甚至超越雞蛋的含量。蔬菜的蛋白質含量普遍來說較少，但如綠花椰菜、豆芽、青豆和菠菜則屬於蛋白質含量較多的蔬菜。\r\n迷思3 吃起司是獲取蛋白質的好方法。\r\n真相：雖然起司富含蛋白質（1.5盎司的切達乳酪有10克），但它也同時含有大量的鈉、卡路里和飽和脂肪。美國心臟協會建議，將每日飽和脂肪攝取限制在13克（以每天2000大卡的飲食計算）、鈉則應控制在2300毫克，而1.5盎司、大約3個骰子大小的切達乳酪，就等於吃了一天飽和脂肪建議攝取量的一半、10%的鈉建議攝取量。\r\n營養師Ginger Hultin說，最好選擇較低脂的乳酪，如羊乳酪、馬札瑞拉（mozzarella）或茅屋起司（cottage cheese），但無論如何，起司都不該是蛋白質的主要來源。\r\n迷思4 動物蛋白質會導致癌症。\r\n真相：這不是絕對的連結，肉類與癌症的關係，多數指的是紅肉和加工肉品如培根、香腸火腿和肉乾。世界衛生組織認為加工肉品是第一類致癌物，已有證據顯示會導致結腸癌發生；牛肉、豬肉、羊肉等則被標記為第二類致癌物，研究顯示會增加致癌風險。','article_06_01',1,1),(7,'2022-08-02','製成大解密！所有豆腐都是純素嗎？','我們常吃的豆腐種類眾多，包括臭豆腐、百頁豆腐、嫩豆腐、雞蛋豆腐等等，每種豆腐吃起來口感都不一樣，有些紮實、有的滑嫩順口，其實差在於「壓榨」，壓力愈大、水分壓出愈多，口感相對較硬。那豆腐又是怎麼製作出來的呢？所有豆腐都是純素嗎？\r\n多數豆腐原料皆為大豆，大豆若過研磨、過濾、煮沸，可製作豆漿，再以鹽滷或硫酸鈣（食用石膏）作為凝固劑，經過壓榨，就成了板豆腐，若壓出水分甚多，還能製成豆干；冷凍後製成凍豆腐；油炸後即是油豆腐，發酵過後搖身一變，成為台灣夜市常見的特色小吃臭豆腐。\r\n\r\n嫩豆腐由豆漿加氯化鎂或葡萄糖酸內酯作為凝固劑，此種凝固方式較慢，且製作時壓力較小、時間較短，因此含水量高、口感較軟嫩。營養價值上，由於板豆腐多使用硫酸鈣，因此鈣含量遠高於嫩豆腐。\r\n傳統百頁豆腐又稱為千張豆腐，由豆皮一層層壓製而成，但目前市面上常見的百頁豆腐多為加工食品，以大豆蛋白為原料，添加修飾澱粉和大量沙拉油等，再經蒸煮塑形而成。\r\n事實上，除了雞蛋豆腐和芙蓉豆腐成分含蛋之外，其餘多數豆腐原料皆為大豆，不吃蛋者食用時須多加留意。','article_07_01',3,2),(8,'2022-07-26','素食QA 開始吃素好難？營養師談新手輕鬆入門法','「蔬食環保救地球」不只是口號，而是可以真正有效讓地球永續的方法之一，不過有許多人開始想嘗試「吃素」，卻發現吃素好像會「營養不良」、「容易餓」、「會脹氣」等問題，《人間衛視》生活智多星節目邀請素食推廣營養師陳婷鈺（Joyce）及中醫師朱益智分享『素食入門法』，指導想吃素的新手更快地輕鬆轉換素食無過渡期。\r\n由藝人郁方主持的生活智多星節目以運動養生、心靈提升為主，因近年吃素風潮興起，蔬食已成為全球飲食主流之一，根據全球性市調公司2021年3月統計指出，全球彈性素食人口超過4成，為什麼吃素人口會愈來愈多呢？到底吃蔬食對身體有什麼好處？\r\n本集節目針對蔬食有詳細分享及各種迷思解析，包含讓人看得頭昏眼花的台灣素別，光是在台灣吃素就有好幾種素別，該怎麼區分？影片中有完整解析。\r\n另外陳婷鈺也分享自身葷轉素的經驗，他表示，一開始吃素沒讀營養學，常常亂吃，有什麼吃什麼、營養不均衡，又經常熬夜，導致身體吃出狀況，其實不只陳婷鈺，有許多民眾一開始轉素，總是會遇到層層困難，因此郁方強調「好好吃素」的重要性。\r\n熬夜又不好好吃飯  老得快\r\n朱益智分享，陳婷鈺因為亂吃、導致身體出現狀況，又加上熬夜，一定會吃宵夜，宵夜的選擇無非就是炸物這類食物，而晚上是人體排毒的階段，是身體需要休息的時候，若又叫它起來工作，身體就會抗議。因此熬夜又再吃宵夜，尤其在11點過後，容易老得快。\r\n他分享，假如真的非得熬夜，還是盡量選擇不要太油膩的食物，可吃一點甜的東西，主食類吃一點即可，再來水分要充足，補充一些維生素，這樣會比較好。但他強調，並不是鼓勵大家熬夜，而是逼不得已的時候，還是要照顧身體。\r\n吃素如何營養素充足？\r\n陳婷鈺指出，台灣素食營養學會推出「素食的餐盤」可讓大家參考，用圖解的方式，讓大家一目了然，每天應該要吃多少食物才算均衡。\r\n\r\n關於想要蔬食者常有的迷思，包含蛋白質、維生素B12的攝取來源？吃太多黃豆會脹氣怎麼辦？吃素容易餓等新手困擾，都在這集節目詳細說明，幫助蔬食者度過徬徨無助的過渡期。\r\n陳婷鈺指出，現在政府機關、甚至是企業，都開始落實更永續的生活方式，聯合國也推出SDGs永續評測，要求企業推出永續策略，其中「推廣蔬食」也是達到永續目標的一個方式。\r\n現今也有許多年輕人開始在社群平台推廣蔬食，可能是因為環保、動物權等原因，甚至反思到新冠疫情，人類或許才是地球上最大的病毒來源，想要對抗病毒，可從最簡單的調整飲食開始做起。','article_08_01',4,1),(9,'2022-07-25','【五味俱全】如何分辨 味道與風味','人們經常用「味道」與「風味」描述食物的口感，但實際上兩者各有不同的重點。食物進入口中，從舌頭上反應出來的感覺，就是味道；而風味是食物品嘗後呈現的特徵。\r\n\r\n味道5種特徵\r\n人類對於「味道」的感覺，主要分別來自嗅覺與味覺，嗅覺是由鼻子內的嗅覺細胞感受氣味分子後，將訊號傳送至大腦進行辨別後所產生的感覺，人體能夠感受數千至萬種的不同氣味；味覺則是由舌頭上的味蕾感受味道，主要能感受酸、甜、苦、鹹、鮮這5種特徵。\r\n雖然人類天生具備能夠感受味道的細胞與組織，但對於氣味與味道的認知，則需要後天的學習才能建立，經由重複接觸相同的味道，建立屬於自己的氣味記憶資料庫，當再次感受到相同的味道時，就能夠立刻想起記憶中對這個味道的印象。舉例來說，草莓所散發出的香味，並非在我們出生時就認知的，而是在成長過程中，感受草莓果實與香味之間連結的經驗，之後再聞到香味時就會知道那是草莓。\r\n風味來自感官\r\n食物的「風味」是建立在氣味、滋味、質地、冷熱等食物的特徵之上，因此風味除了嗅覺與味覺，還包含聽覺、視覺與觸覺這5種主要的感官。例如，爽脆的食物在咀嚼時發出的清脆聲響與口感就是風味的一部分。而同樣吃起來口感是脆的食物，如洋芋片與蘋果，實際上兩者的脆感並不相同。\r\n人們透過這些差異建立對食物風味的認知，並判斷食物是否良好、美味，或者已經變質、無法食用等。也就是說，味道是人們使用嗅覺與味覺得到的結果，風味則是人們透過5種感官與經驗，為食物所建立起的評價與喜好。\r\n\r\n口鼻分辨有異\r\n如果要舉出一個「能夠感覺氣味的器官」，通常人們會直覺聯想到鼻子。不過，如果在進食的過程中把鼻子捏住，或者緊閉嘴巴咀嚼食物，雖然沒有以鼻子直接吸到食物的味道，卻同樣也能感覺到食物的香氣。這是因為口腔中的舌頭表面與部分咽喉區域，布滿著味蕾，味蕾能感受到酸、甜、苦、鹹、鮮這5種滋味特徵，讓食物吃起來更有滋味。\r\n雖然味蕾無法感受到氣味分子，但人們在進食過程中之所以能感受到食物香氣，除了放入口中前由鼻子感受外，入口後咀嚼食物的過程中，所釋出食物的氣味分子也會從鼻咽管移動至鼻腔，再與鼻腔內的嗅覺細胞結合，產生嗅覺反應，讓我們感受到食物的氣味。\r\n因此，氣味的感受器官主要就是鼻子，口腔內的味蕾則是能感受酸、甜、苦、鹹、鮮這些滋味特徵；而嗅覺在完整感受到氣味的過程中，不只需要鼻子內的嗅覺細胞，還需要神經系統與腦部的共同參與。嗅覺的感受途徑看似簡單，其實已足夠讓人體辨認出上萬種不同氣味。\r\n\r\n如何用水果搭配菜餚\r\n水果擁有天然的甜味、酸味和香氣，搭配菜餚時，能幫助提味以及豐富口感，因此自古就有水果入菜、水果餐的吃法與作法。善用水果的酸甜搭配菜餚，主要有3種烹調方式：\r\n燉煮　可以增加天然甜味與清爽口感。例如：柿餅燉湯、青木瓜素丸湯、苦瓜鳳梨、清甜的水梨熬高湯，雪梨燉冰糖川貝或銀耳，可潤肺祛咳。\r\n入醬　果味鮮明，能讓食物風味更富有層次感。比如：無花果、藍莓、草莓、鳳梨、杏桃、金桔、奇異果等，可先製成果醬，或是手作拌醬材料，再與菜餚搭檔。\r\n拌菜　可增加口感，鳳梨、芭樂、蘋果、芒果、奇異果、草莓、藍莓、葡萄柚、水蜜桃等都是拌菜的常見水果。例如：絲絲酸甜的鳳梨拌炒黑木耳、蓮霧拌蒟蒻、百香果醬拌涼麵都很爽口。將鳳梨剖開當容器，挖出的鳳梨果肉連同炒飯拌盛在盅裡同吃，也很開胃，蘋果、水梨也適合加入黃金泡菜，相當解膩。酪梨、酪梨醬均可搭配堅果、果乾生菜沙拉，檸檬醬則適宜涼拌豆腐，讓味蕾享受到絕妙滋味。\r\n\r\n水果有溫寒 怎麼吃\r\n一般來說，蔬果有寒涼溫熱4種屬性，怎麼吃才能確保健康？從中醫觀點而言，蔬果的屬性區分如下：\r\n溫熱性蔬菜　蔥、韭菜、生薑、洋蔥、大蒜、辣椒、胡椒、芥末偏熱性；南瓜、茼蒿、芫荽、茴香、九層塔較溫和。\r\n溫熱性水果　龍眼、荔枝、榴槤熱性強；杏仁、桃子、櫻桃、橄欖、金棗、番石榴較溫和。\r\n此外還有各種體質都可攝取的平性蔬果：木耳、馬鈴薯、香菇、胡蘿蔔、甘藍、洋菇、豌豆、黑豆、菜豆，以及蘋果、木瓜、藍莓、檸檬、葡萄。\r\n\r\n寒涼性蔬菜　蘿蔔、蘆薈、絲瓜、苦瓜、冬瓜性質較寒涼；其次有茭白筍、海帶、紫菜、竹筍、萵苣、菠菜、白菜、莧菜、茄子、芥菜、芹菜、芥藍、黃瓜、空心菜、紅鳳菜、油菜、甘薯葉、金針菜、黃豆芽等，較為溫和。\r\n寒涼性水果　西瓜、楊桃較寒涼；其次有香蕉、奇異果、香瓜、柿子、柚子、李子、枇杷、雪梨、草莓、葡萄柚、桑椹、番茄等，較偏中性。\r\n人的體質也分為寒熱虛實4類，以中醫診斷為例，代謝率低、手足冰冷、畏寒的寒性體質，以及心悸、氣短的虛性體者，可適度攝取溫熱性蔬果；臉紅、燥熱、易口渴舌燥、喜愛冷飲的熱性體質，或是容易發熱、便祕的體質者，則可適度攝取寒涼蔬果作保健。','article_09_01',4,4),(10,'2022-07-20','素食者注意！ 8症狀檢測有沒有缺B12','你有身體有缺B群嗎？快自我檢查看看！維生素B12是人體造血、DNA合成、神經系統維持完整不可或缺的元素。不過人體卻無法自行合成，需靠食物中補充。通常是藉由動物性食品中攝取，因此素食者如果不吃蛋跟牛奶，容易出現B12缺乏的危機。若無即時解除缺乏情形，會對身體造成不可逆的神經傷害。建議日常飲食中多吃強化穀物，植物奶和營養酵母或是保健食品來補充維生素B12。\r\n據《HEHO健康網》作者艾蜜莉指出，維生素 B12缺乏的初期身體未必會出現症況，不過如果持續缺乏，症狀就會慢慢地浮現。如果沒有即時解除缺乏情形，甚至可能因惡性貧血危及生命，或造成不可逆的神經傷害，例如失智症，這時再補充B12可能也無法完全復原。\r\n\r\n體內維生素 B12 不足的常見症狀 \r\n1. 疲勞 \r\n維生素B-12缺乏導致的巨胚紅血球貧血，會造成攜帶氧氣進入身體的各個組織和器官的紅血球數量不足，讓人容易感到非常疲勞。 \r\n2. 情緒起伏大 \r\n維生素B12會幫助分解一種叫做同型半胱氨酸的大腦化學物質，當同型半胱氨酸在大腦中過度累積的時候，可能會讓人有煩躁或憂鬱的情緒，影響人們的心理健康問題。 \r\n3. 食慾不振 \r\n由於消化的問題，缺乏維生素B12的人可能會食慾不振，而長期的食慾不振會使體重減輕。 \r\n4. 心跳加快 \r\n貧血時，人體為了維持足夠的氧氣進入組織和器官，會讓身體的血流速度增加、全血液的循環速率提升，迫使心跳變快。\r\n 5. 手腳會有針刺痛感 \r\n缺乏維生素B12會導致人們出現神經傳導問題或神經損傷，這是因為維生素B12會幫助產生髓鞘，而髓鞘的功能正是保護神經並幫助傳遞感覺，如果覆蓋神經的髓鞘不足，就會使神經受損，導致身體各處刺痛的感覺，尤其是手腳神損傷的刺痛感又特別明顯。\r\n 6. 口腔出現問題 \r\n缺乏維生素B12會讓紅血球減少，讓進入舌頭的攜氧量不足，廢物代謝率下降，很容易造成口腔問題。例如嘴巴有苦味、口腔潰瘍、口腔發炎、腫脹或有灼熱感。 \r\n7. 呼吸急促 \r\n有些貧血的人，可能沒有對於心跳加快的現象沒有感覺，只有發現自己的呼吸變得急促，這是因為人體為了彌補紅血球數目變少造成的吸氧量下降，所以呼吸變得急促，企圖增加吸氧量的一種補償性的平衡作用。 \r\n8. 健忘／認知障礙 \r\n體內維生素B12的濃度不足，會造成思考、推理困難或喪失片段記憶等認知障礙，這是因為大腦的攜氧量減少造成的。因此，有學者再進一步研究，發現維生素B12濃度不足，會增加罹患失智症、帕金森氏症等風險。 該怎麼補充維生素 B12 ？維生素 B12 存在於紅肉、家禽、蛋、乳製品和魚等動物性食品中，像是：牛肉、豬肉、蛋、牛奶、乳酪、蛤類、鯖、沙丁魚等，一般民眾在平常飲食中均衡攝取，就可預防B12維生素的缺乏。\r\n而素食者需要多吃強化穀物，植物奶和營養酵母等食品來補充維生素B12。','article_10_01',4,6),(11,'2022-07-19','【鮮蔬料理】了解食材 烹調美味健康','台灣農產豐饒，蔬果種類繁多，自古以來，農民依循節氣變化，適時栽種便能豐收。但隨著現代化農業科技發展，許多蔬果都已跳脫產季限制，一年四季都有，但專家建議，還是要盡量選擇「當季蔬果」。除了買對食材，烹調、處理方式也很重要，才能將蔬果帶給人體的營養價值好好發揮。\r\n有些蔬菜必須煮熟\r\n採用正確的方式烹調，不僅能吃進營養，提高吸收率，更能避免把「毒素」吃進肚子裡。以茄子為例，因為屬於茄科，含有龍葵素，是一種糖?生物鹼毒素，攝入過多會引起噁心、頭暈，建議購買時盡量挑選成熟的茄子。若不確定它的成熟度，透過烹飪，能讓茄子茄鹼含量減少，多一層保障。\r\n常見的四季豆與茄子有相似之處，四季豆富含維生素A、C和K，但含有凝集素具有輕微毒性，會影響身體對維生素和礦物質的吸收，還可能導致消化不良的問題，建議透過烹煮，以有效減少或消除凝集素。而餐桌上常見的菠菜是人體所需鈣、維生素、鐵等營養成分的良好來源，但它含有草酸，會影響鈣質吸收，並可能導致腎結石，建議菠菜先以沸水燙過，就可以去除所含的草酸。\r\n青花菜、白花椰菜、蘆筍及抱子甘藍，也是常見的蔬菜，但含有一種名為棉子糖的複合糖；人體難以消化棉子糖，經過大腸時很容易產生多餘氣體，吃太多了容易造成肚子脹氣。此外，上述蔬菜雖含有豐富的膳食纖維，但生吃不易消化，煮熟再吃不僅口感更好，也更容易消化、吸收。\r\n\r\n各種豆腐營養不同\r\n製作豆腐常見的凝固劑，有食品級硫酸鈣、鹽滷以及葡萄糖酸內酯三種，其營養成分也各有差異。\r\n鹽滷：從海洋萃取而來的凝固劑，通常價錢較高，製作出的豆腐質地較粗，若搭配經驗與技術，可以做出鹽滷豆腐。鹽滷含豐富的鎂，有助強健骨骼，除了全穀、蔬果外，是攝取鎂的好來源。\r\n食品級硫酸鈣：純化自天然礦物，含鈣量高，價錢較低，製作出的豆腐質地綿密。蔬食者可藉此獲得鈣質，達到每日需求量。\r\n葡萄糖酸內酯：凝固原理和鹽滷與硫酸鈣不一樣，營養價值較低，常被食品商製作成常見的超嫩豆腐。\r\n傳統豆腐使用硫酸鈣或鹽滷凝固，使得傳統豆腐比起用葡萄糖酸內酯製成的嫩豆腐，鈣質含量更高，以硫酸鈣製成的豆腐，含鈣量甚至高於嫩豆腐10倍以上，因此是補鈣很好的選擇之一。\r\n\r\n吃豆製品有何禁忌\r\n豆製品含有高量普林容易引發痛風，痛風者能吃豆製品嗎？據一項針對飲食狀況與痛風是否有關的研究結果顯示，植物性食物並不會提高痛風罹患機率。對痛風患者而言，平常吃適量豆製品是安全的，但因黃豆屬高普林食物，在痛風發作期間應減少攝取這類食物。所有食物過與不及都不行，即便研究並未指出豆類是造成痛風的主因，仍建議適度攝取。\r\n豆類脹氣如何消除\r\n豆類食物含有豐富的維他命、礦物質以及微量元素，可提供我們身體豐富的蛋白質以及飽足感，卻也是脹氣的原因之一。豆類中的碳水化合物，含有人體內無法分解的「寡醣」，它們在未完全消化的狀態下到達結腸，容易被細菌發酵而產生腸道氣體。\r\n不過有許多方法，可減少豆類中的寡醣攝取量：\r\n一、浸泡：將豆類浸泡約12小時或隔夜，瀝除水分後沖洗乾淨，再另備清水烹調。二、讓豆子發芽：發芽過程中，豆科植物會將寡醣轉化為醣類。三、煮熟：確保豆子徹底煮熟，未煮熟的豆類更難消化。四、加昆布一起煮：若要降低脹氣風險，煮豆類時放入少許昆布一起煮，由於昆布含有某些酵素，可分解豆類中的寡醣。\r\n改吃發酵豆類製品\r\n天貝和味噌等發酵豆類製品，製程會消耗豆類造成脹氣的寡醣，因此食用時較不易產生脹氣，可適量納入飲食中。此外，有些蔬果含有人體無法分解的膳食纖維及寡醣，會被大腸裡的細菌當成養分發酵而產生氣體，造成腹脹不適。\r\n如果想提高蔬果攝取，又想避免脹氣，建議可以調整用餐習慣，像是放慢進食速度、吃飯時避免交談等。由於人體具有很強的適應能力，採漸進增加蔬果攝取量，讓腸道逐漸習慣後，脹氣的情況也會自然改善。\r\n\r\n蔬食者如何補鈣\r\n只有牛奶才有高鈣嗎？其實，植物性食物也可提供鈣質， 例如十字花科深綠色蔬菜等，其鈣吸收率可接近或超過牛奶鈣。蔬食者也可以多吃鈣含量高的豆製品：像是豆干、板豆腐，以及鈣含量高且吸收率不錯的抱子甘藍、花椰菜、芥藍菜等。芝麻的鈣含量也很高，不過芝麻屬於油脂類，須小心不要過量。\r\n要吃多少鈣才夠\r\n過去針對國人的飲食調查顯示，雖然訂定成年人的每日鈣建議攝取量為1000毫克，但大多數人僅攝取約30~60%，明顯不足。建議蔬食者可以挑選含鈣豐富的蔬果食材，以滿足正常健康的需求。\r\n然而，人體要有效吸收、利用食物中的鈣質，還需透過維生素D輔助。人體中的膽固醇透過「陽光日晒」產生維生素D，然後經由肝臟、腎臟轉為活化型D3，這種活化型D3會刺激小腸細胞，使其分泌可與鈣結合的蛋白質，協助鈣質吸收，達到補充鈣質的效果。 因此，除了多攝取含鈣食物，也要同步注意維生素D、維生素K的攝取，並維持良好的生活習慣，例如：規律運動、充足睡眠等，才能夠發揮鈣質攝取的價值，讓自己更健康。','article_11_01',4,5),(12,'2022-07-12','媽媽給小孩吃全素慘餓死？ 營養師：無稽之談','近期有一則嬰兒死亡案件「美國媽媽堅持全素，1歲半兒只吃蔬果及母乳慘餓死，體重只有7公斤」在網路上引起一陣激烈爭辯。蔬食營養師黃千芮Renee指出，這則新聞太過誇大，只餵食母乳及蔬菜是有可能造成孩童營養不良，但不至於餓死。\r\n根據《太陽報》報導指出，「一位美國佛羅里達州的38歲媽媽希拉（Sheila O\'Leary）是一位「純素食主義者」，不吃任何動物性食物，而他也只餵食18個月大的孩子蔬果及母乳，導致小孩營養不良，在2019年死亡，當時小孩僅18個月大，並且死亡時體重只有17磅（約7.7公斤），遠低於同齡的幼童，被李縣法院認定涉有『一級謀殺』與『虐待嬰兒』等罪，而在法庭上也出現正反方的激烈爭辯」。\r\n這則新聞一出，素食粉絲專頁「素食真的很好吃」也分享這則新聞，引發網路上許多純素媽媽、純素寶寶發聲，認為吃全素絕對不會導致死亡，認為這則新聞是斷章取義、製造亂象。\r\n有網友表示，如果這則新聞是真的，他家裡5個孩子早就都餓死了，現在連孫子都有啦，也一樣是胎裡素。另有網友也分享，這個案例應是媽媽讓孩子一周未進食，加上三餐不穩定造成，不論是葷素飲食的幼兒，長達一周未進食都會危及性命，跟飲食習慣毫無關係。\r\n黃千芮也指出，這篇新聞的疑點非常多，以下列出幾點：\r\n讓寶寶吃全素 真的會營養不良到餓死嗎？\r\n黃千芮表示，這篇新聞寫得非常偏頗，就算給孩童餵食母奶及蔬果也不至於餓死，較有可能導致營養不良的問題，如果要到餓死的狀態，只有一個可能，就是這個孩童一直以來都是處於飢餓的狀態。\r\n這則新聞指出，這18個月大的孩童，死亡時體重只有17磅（約7.7公斤），遠低於同齡的幼童，來評估他是營養不良。不過，黃千芮說，根據「兒童生長百分位」的參考數據中，含有孩童的「身高、體重以及頭圍」，並不單僅有以體重作為生長發育評估標準，每一個寶寶都有不同的生長發育快速期，所以是具有一定的彈性程度，最主要是評估平時的飲食營養攝取量是否足夠。\r\n如果對於「兒童生長百分位」有疑慮的媽媽們，也可以到「衛生福利部國民健康署健康久久+」網站的「WHO兒童生長曲線圖」功能查詢，幫助新手爸媽掌握寶寶成長即健康狀況。\r\n\r\n而黃千芮也說，孩童在固定歲數的時候，一定會到醫院或診所打疫苗，就會有醫療介入或是專業人員可以做協助，這種吃素會營養不良的狀況在千喜年之後根本不太可能發生。\r\n如果寶寶吃全素，可以讓他吃些什麼保持營養？\r\n也有網友提出疑問，如果吃全素無奶蛋，嬰兒喝奶期可以吃什麼？用什麼替換？\r\n黃千芮表示，許多人提倡純素飲食，要找到植物奶粉也不難，像是寶寶奶大廠「亞培」早在多年前就已經推出以黃豆製作的寶寶奶，在台灣訂購更是不困難，只要請婦嬰用品店代為訂購，基本上都能買到。\r\n另外副食品的部分，根據「世界衛生組織」指出，嬰幼兒最晚於6個月就必須開始嘗試少量多樣化的副食品，而我國國健署也表示在4-6個月就可以開始讓寶寶嘗試副食品。\r\n黃千芮指出，根據2005-2008年臺灣國民營養健康狀況變遷調查結果發現，7-12 個月的嬰兒於 4-6 個月齡開始吃米 ( 麥 ) 糊或 果 ( 菜 ) 汁者都占約 50%。\r\n嬰兒副食品的添加超過 80% 由母親決定；有超過 75% 的嬰兒在餵食米（麥）糊常遇的問題是以「嬰兒不吃」最多。而媽媽一開始餵食副食品，通常都以全穀雜糧類為主，主因是因為對於食物6大類認知不高，以及取得方便度，導致孩童從小就以大量醣為主的飲食攝取模式。\r\n\r\n黃千芮提醒，雖然近年來嬰兒主要照顧者在餵養知識雖有提升，但部分觀念仍有加強之必要。他針對18個月的孩童，簡單舉出全素食副食品菜單，也可以自行做變化：\r\n1. 單純水果加水的果汁可以改為豆漿搭配果汁：水果或蔬菜約1/2標準碗加上100-120毫升的無糖豆漿。\r\n2. 蛋白質互補效應的副食品：綠豆豆花、芝麻紫米粥加豆漿、鷹嘴豆抹醬搭配全麥土司或饅頭。\r\n3. 原型水果或蔬菜切條狀或塊狀：可以提高孩童對於食物的喜好度，也可以提升進食意願及訓練咀嚼能力。\r\n4. 正餐可以與大人同桌，備餐也可以同步：1/2糙米藜麥飯搭配黑豆或黃豆嫩豆腐1/2正方塊狀及軟質蔬菜1/2碗，豐富的一餐，可以取代正餐一餐。\r\n5. 慎選孩童保健食品：避免選用含糖量高之口味保健飲品或是粉劑、錠劑，不需要的添加只會造成孩童正餐進食量降低而導致營養不良。\r\n正確以食物六大類，並以多樣性變化在副食品中，可提升孩童對於食物的認識外，也降低孩童營養不良的風險，進而降低未來成人因自小偏食而造成的慢性疾病產生。\r\n\r\n而根據美國兒科學會的說法，嬰兒實施全素飲食不是不可行的，但要留意各種營養的攝取，以替代其餘葷食所帶來營養素。\r\n草食營養師黃千芮Renee-粉絲專頁\r\n本身是一位蔬食者，曾任職普羅拜爾生物科技股份有限公司、衛生福利部長照2.0之居家營養諮詢、義聯集團義大醫院營養治療科臨床組組長、義大醫院國際減重外科專科營養師、義大醫院重症小兒專科營養師等豐富經驗。','article_12_01',2,3),(13,'2022-07-05','素食QA 吃素吃不胖好困擾 怎樣才能增肌、增重','吃素總是吃不胖好困擾，很多人都說增肌需要多吃蛋白質，但就算吃許多蛋白質仍然還是吃不胖，是什麼原因呢？純素健身教練劉姿宜分享，其實想增肌減脂，除了吃蛋白質之外，還需要靠另一樣營養素來完成肌肉合成，這個營養素就是「碳水化合物」。另外建議搭配訓練，飲食佳訓練同步進行，效果會更好。\r\n有些人有體重過重的困擾，卻也有人過瘦感到困擾，尤其是銀髮族及健身族或是太瘦的民眾。劉姿宜表示，很多人都說增肌需要加強蛋白質攝取，結果攝取大量蛋白質，卻缺乏碳水化合物來完成肌肉的合成。若是碳水攝取太少，包含訓練後肌肉飽滿度，也會落差很大。\r\n\r\n碳水化合物很重要  促進增加肌肉合成\r\n劉姿宜說，若碳水化合物攝取不足，蛋白質就會被分解去代替碳水化合物在身體內的工作，提供身體能量，而非去做原本修補肌肉的工作；且碳水化合物可以增加胰島素的分泌，胰島素可加快營養進入細胞進行修復、促進增加肌肉合成。\r\n增肌訓練比減脂更難， 想增肌建議每日總熱量消耗增加300~500大卡\r\n劉姿宜分享多年來健身的經驗，其實增肌訓練會比減脂更難，尤其腸胃的吸收狀況不好的人會更加有難度，因此若有體重一直上不去、過瘦體質的民眾想要增肌、增重，劉姿宜建議，每日總熱量消耗TDEE（註1），一天要增加300~500大卡。\r\n當計算出每日的基礎代謝率BMR（註2），也就是每人每日所需要消耗熱量，也就是「每天總消耗的能量」後，再去看自己每天的每日總熱量消耗TDEE。\r\n舉例來說，一位40歲的女性，167公分70公斤，平常屬於激烈運動者，得出每天的基礎代謝率 (BMR) 為1382。\r\nMifflin-St Jeor formula (BMR)計算公式如下：\r\n男性：（10 × 體重 kg）+（6.25 × 身高 cm）-（5 × 年齡）+ 5。\r\n女性：（10 × 體重 kg）+（6.25 × 身高 cm）-（5 × 年齡年） - 161。\r\n\r\n每日激烈運動者TDEE計算方式為，BMR x 1.9 得出2625，建議想增肌、增重要再增加300~500大卡，因此每天須攝取TDEE2925大卡。\r\n拍照記錄  檢視自己的飲食是否充足\r\n劉姿宜分享，外食者飲食也容易不均衡，也容易吃太鹹重油，他建議可以將自己一日三餐拍照紀錄後，方便檢視自己每日攝取的3大營養素（碳水化合物、蛋白質、脂肪）是否充足。\r\n以外食來說，這份餐點的蛋白質來源為天貝、豆腐及毛豆，碳水選擇鳳梨，堅果則含有優質的油脂來源。 \r\n\r\n自行備餐的部分，碳水化合物來源有義大利麵、蛋白質可以選擇植物肉排、煮菜再放入少量油脂即可。\r\n\r\n若不知道如何分配每日飲食，也可以參考《台灣素食營養學會》推出的「我的健康素食藍圖」功能。\r\n\r\n搭配規律的運動規畫 效果更佳\r\n劉姿宜表示，搭配運動訓練規畫效果會更佳，一周可以訓練3-5天，因為當運動強度提高，才會刺激肌肉生成。不過這裡所說的運動與勞動不同，平常工作及大的勞動量並不等同於運動，劉姿宜提醒，這裡要多加注意，常常會有民眾認為自己平常工作勞動量大就能取代運動效果。\r\n建議初期訓練多關節大肌群胸、背、腿， （例如槓鈴深蹲、硬舉、槓鈴臥推..等）；再來訓練單關節小肌群肩膀、肱二頭、肱三頭 （例如固定器材、肱二頭彎舉...等）。\r\n如果是毫無運動經驗的新手小白開始重量訓練，在基礎期前半年肌耐力(最大肌力65%)可以以15RM（註3） X 3~4組，半年後(依照個人訓練狀況而定，不一定半年也有可能更久)可以開始肌肥大、肌力訓練(最大肌力80~85%)，則可以6~8　RM X 4~6組。\r\n「吃、睡、練」3大重點  \r\n另外劉姿宜提醒，記得「吃、睡、練」3大重點，充足的睡眠也是非常重要，每天需睡足7-8小時，能幫助肌肉修復，不管是想要增肌增重或是增肌減脂不同需求的民眾，都是以半年至1年的時間來檢視有沒進步，相信只要堅持努力半年的飲食控制+訓練，絕對能達到成效。\r\n劉姿宜補充，畢竟每個人的身體狀況都有些許不同，若飲食上有任何問題，可以到大醫院都有營養科諮詢醫生跟營養師，更能了解自己的飲食狀況。\r\n註1：「每日總熱量消耗TDEE」是指身體一整天下來，包括基礎代謝、活動量、吃東西所消耗的熱量。不同的生活型態需要的熱量也不一樣，當每天攝取的熱量和 TDEE 相等，便達到「熱量平衡」。\r\n註2：人類一天躺著不動所消耗的熱量\r\n註3：15RM，即一個你能夠連續完成15下的重量次數，沒辦法做到第16下','article_13_01',4,2),(14,'2022-07-04','菇類這樣挑選保存 更耐放','菇類營養價值高，有高纖、低熱量特性，豐富的維生素D，是許多人會選擇的食物之一，但是菇菇買回家後卻不知道應該怎麼保存，買個幾天就不新鮮，根據行政院農業委員會指出，其實不同的菇菇有不同的保存技巧，購買時的挑選方法也大有學問！一次看懂各種常見菇類如何保存挑選。\r\n行政院農業委員會分享香菇、金針菇、杏鮑菇、木耳、秀珍菇、洋菇的保存挑選方式，很多人通常菇菇買回家就直接冰進冰箱，其實正確保存可以延長保存的天數。\r\n\r\n香菇的挑選與保存\r\n挑選香菇時，可以選擇菇體圓整、菇傘肥厚，另外可看「菇傘」，菇傘表面可見散生的絨毛，表示菇體含水量低、菇傘表面若缺少絨毛表示菇體含水量偏高。若無法看見絨毛表示菇體水分較高，因此要注意保鮮。若菇柄處若經修剪可能會有褐變現象，此時可將褐變處切除即可。\r\n保存香菇時可先清除香菇表面水分，並放於4度C冰箱中，可以用擦手紙包覆菇體，並避免塑膠袋沾附於菇體表面，約可保存7~10天。\r\n\r\n金針菇的挑選與保存\r\n購買金針菇以菇體白淨、菌傘無異色凹陷為佳，並且避免選購包裝出現破裂則會有外包裝腫脹。\r\n金針菇的保存非常簡單，由於屬於低溫栽培，因此若是購買袋裝金針菇，只要將其放於4度C冰箱中即可。\r\n\r\n木耳的挑選與保存\r\n正常的木耳可以分成背面和腹面，背面在通風良好的狀況下可以看到密生的短絨毛，腹面則在25度C的溫度下，會呈現暗紅色。在夏天超過28C以上的木耳，耳片較薄，顏色也較淺，呈淡橘色。\r\n木耳如果是以紙盒包裝，在冰箱中的保存時間可以長達1個月，如果買到泡水木耳可以放在通風處風乾半天左右，等水分乾一點再放入冰箱冷藏。\r\n\r\n秀珍菇的挑選與保存\r\n袖珍菇要挑選色澤未黃變，菇柄橫切面邊緣整齊、菇柄及斷面色澤均勻潔白，要注意如果菇體有黃變即屬劣變，菇體表面沾染異色雜菌屬劣質品。\r\n可以用報紙或廚房紙巾先包裹住菇體，再以保鮮膜或塑膠袋封存置入冰箱，可避免生成游離態水減少細菌生。\r\n\r\n洋菇的挑選與保存\r\n洋菇首先澳先挑選外觀完整無變形、沒有因碰撞擠壓導致的褐化傷痕、無異味為佳。洋菇是少數可以生食的菇類，但因栽培過程中會接觸到自然環境中的微生物，建議還是經過清洗或殺青後再食用。\r\n洋菇可以冷藏或冷凍保存，冷藏可以將菇體表面以紙巾擦乾，並於紙袋中吸附菇體散發的水蒸氣，洋菇可在冰箱冷藏中7天左右的保鮮期；另外也可以在殺青後冷凍或直接冷凍，約可維持數個月的保鮮期。\r\n\r\n杏鮑菇的挑選與保存\r\n杏鮑菇挑選盡以外觀完整大小適中（約10-15公分長度），菇柄肥厚具乳白色，輕按壓起來有彈性無酸敗味而有菇類的清香不要購買水浸狀的杏鮑菇。\r\n杏鮑菇以冷藏保存，不建議在冰箱時間超過2週，但如果已有黏液或變黃，建議就不要食用了。','article_14_01',1,1),(15,'2022-07-04','【頭好壯壯】青少年蔬食健康之道','正值發育期的學童，下課時間經常呼朋引伴到學校福利社或便利商店去「覓食」。許多家長納悶，孩子都有吃正餐，為什麼下課還需要去買點心呢？\r\n為何感覺吃不飽\r\n首先，我們要了解學童三餐吃了什麼？除了中餐有學校營養師顧著，學童的早餐有些是在學校附近早餐店隨便吃，下午又吃不健康的點心。\r\n以傳統早餐店經常供應的煎蛋餅、蘿蔔糕來說，雖然分量不多，但吃下去的油量卻很驚人。速食餐廳的炸薯餅雖鹹香酥脆，但一片所含的脂肪，可能占一天油脂攝取建議量的25%以上。此外，便利商店各式口味的麵包，也隱藏許多油脂及糖，若再搭配一杯奶茶，更是不得了。\r\n這些看似豐富的餐食，大多屬於精製食物，具升糖指數較高的特性，吃下去後血糖急速上升，僅維持短時間後又快速下降，造成學童有吃不飽的感覺，更可能在血糖較低時又額外吃進更多熱量。\r\n\r\n膳食纖維營養素\r\n長期的不良飲食型態，容易導致全穀雜糧及蔬果攝取不足，進而使學童缺乏礦物質、維生素及膳食纖維等必要的營養素，影響孩童新陳代謝、免疫能力，甚至腦部發展，非常值得爸媽們注意！\r\n培養學童正確的擇食觀念，家裡長輩要以身作則，盡量選擇原態食物為主。在主食上像糙米、蕃薯等未精製的全穀雜糧類，不僅富含膳食纖維，也提供維生素B群、維生素E等營養素。此外，維持天天5蔬果，至少3份蔬菜，其中1份為深綠、深黃、或深紅色蔬菜。同時要讓學童養成吃水果當點心的習慣，取代食用含糖飲料或點心，這樣才能補充營養。\r\n此外，選擇富含膳食纖維的食物，不僅可調節食欲，提供飽足感，更可讓學童不會一天到晚想要找點心、吃零食。\r\n\r\n孩子成長過程需要糖嗎？\r\n甜食、含糖飲料、烘焙食品是許多人喜愛的食物，但在享受美味的同時也吃進許多的「糖」，這與肥胖、蛀牙，甚至是青春痘等許多問題息息相關。孩子成長過程中，糖是需要的嗎？\r\n糖過多阻礙生長\r\n研究發現，孩童在攝取含糖飲料後會減少分泌生長激素，而生長激素是孩童長高的關鍵物質，因此有醫師建議小孩盡量少喝含糖飲料，以避免攝取過多的糖造成兒童肥胖，影響其身體健康。此外，研究也發現攝取過多的糖會抑制免疫系統，可能讓小孩容易得到感冒。\r\n國外研究發現，糖可能有成癮性，青春期若習慣攝取含糖飲料，可能會造成頭痛、專心度下降等問題，因此平時應該建立良好的生活習慣，避免被「糖」控制。\r\n\r\n多少糖量才適合\r\n糖，當然要愈少愈好。但糖又是常見的調味料，很難在生活中避免，那要吃多少量才健康？依據世界衛生組織的《成人和兒童糖攝入量指南》建議，每日飲食中「添加糖」攝取量不宜超過總熱量的10%，以每日熱量2000大卡計算，一日不得超過50克，而只要一杯全糖的珍珠奶茶、碳酸飲料、果汁……等就超過標準，所以學童和青春期的孩子都要注意含糖飲料的攝取，避免造成身體負擔。\r\n飲食習慣可以從小養成，應妥善教育孩子，避免養成愛吃糖、喝含糖飲料的習慣，除了白開水之外，建議家長可以用鮮奶取代飲料，每天至多1.5-2杯的鮮奶，不僅少了糖的負擔，還可補充鈣質和維生素等營養素，有助於促進小孩成長。\r\n\r\n共度親子同樂烹飪時光\r\n不管多麼忙碌，作為父母一定都想用健康飲食來照顧自己的孩子，如果可以在料理過程中，讓孩子一同學習、認識食材、了解食物多麼得來不易，既能兼顧營養均衡又可親子同樂，那是再好不過了。\r\n一些國家對孩子的飲食教育推廣已久，例如：法國或日本，料理可以讓小朋友學習品味、專注以及練習自制力。在料理過程中，孩子也能學習食物的相關知識，進而珍惜食物。要讓小孩進廚房，一定會有些疑慮，例如：怕孩子不小心燙傷、或是被刀具割傷，所以事前準備很重要。\r\n\r\n安全為要 方便有趣\r\n首先，避免小朋友接近火源，並將鋒利的刀具收好，餐具、器皿換為較不易碎的材質，如：塑膠或不鏽鋼。因此可以先將食物煮成半成品或切成小塊，讓孩子執行的步驟簡化，只要做捏製、擺盤、攪拌即可。最容易上手的就是從甜點、烘焙類開始，讓孩子壓製麵團、捏製造型，若是學齡前的兒童，還能訓練手指的運用。或者利用已烤好的海綿蛋糕，與孩子一同使用新鮮水果、優格與巧克力粉等做裝飾、堆疊或練習擠花。\r\n鹹食部分，準備好塔皮，讓孩子自行加入已料理好的馬鈴薯、紅蘿蔔塊，或是玉米粒等等。同樣也可以運用台灣人喜歡吃的潤餅，將食材準備好，孩子只要負責包，既有成就感又可依自己喜歡的分量搭配。再進階，一起做湯圓、餃子等，都是很好的選擇。掌握這幾個原則，就可以安全地完成有趣的親子料理。','article_15_01',4,3),(16,'2022-07-01','素食QA 穀豆類發芽後 不脹氣營養素更高','常在有機店看到「發芽豆漿」、「發芽玄米」等產品，而且價格都比一般市售的豆漿、糙米還要貴，有沒有發芽有甚麼差別？為什麼有些消費者偏愛選擇有發芽的產品？《台灣素食營養學會》針對這個問題做出了詳細的解析。\r\n穀類、豆類、種子  含有營養素抑制物\r\n《台灣素食營養學會》營養師陳婷鈺指出，許多穀類、豆類、種子會含有一些阻礙營養素吸收的成份，像是植化素 (Phytic Acid)、草酸 (Oxalate)、凝集素 (Lectin) 與胰蛋白?抑制劑 (Trypsin inhibitor) ，若不經處理，會大幅降低鐵、鋅、鎂、鈣的吸收率，如果剛好腸胃消化功能比較弱，被吸收的比例可能又更少。\r\n\r\n而這個問題，可以經由浸泡、發芽將抑制物分解。\r\n經過浸泡、發芽  可將抑制物分解\r\n這些抑制物，大部分是水溶性的，可經由浸泡、汆燙後，將部分去除。若能再進一步發芽，就可以利用這些種子分泌的酵素，將更多的抑制物分解掉。發芽過程所啟動的生化反應，還能增加一些營養素的比例，像是小麥在發芽10天後，離胺酸含量竟然提升了百分之65。\r\n視種子的大小與種類，浸泡與發芽的的效果不會一致，可以參考下方圖表\r\n\r\n催芽可以減少豆類的脹氣問題\r\n素食者吃豆類最怕的就是脹氣，因為豆類中的引發問題的化合物是蜜糖三 (棉籽糖) 、水蘇糖和毛蕊花糖，這些都是到達結腸前無法分解的寡糖。因為人體本身無法製造可分解豆類中寡糖鍵結的α - 半乳糖?? (alpha-galactosidase) ，於是它們在末完全消化的狀態下到達結腸，被結腸中的細菌發酵而產生腸道氣體。\r\n經過浸泡、催芽  可減少豆類中的寡糖攝取量\r\n豆科植物在發芽過程中，會將寡醣轉化為糖類。發芽的綠豆、扁豆和豌豆可以生吃，其他豆科植物應在發芽後煮熟食用。先將豆子浸泡12～ 24小時，瀝乾後沖洗乾淨，然後濕孵至少1～3天，或直到出芽。確保每天沖洗和瀝乾豆子2～3次。豆子一旦出芽就表示可以烹煮了，而催芽也可減少一半的調理時間。\r\n發芽方法\r\n陳婷鈺分享，國外有一個專門賣發芽種子、豆類的網站，上面詳細的敘述每一種植物的發芽方法，可以參考。\r\n\r\n而發芽的過程不需要陽光，記得將容器放在沒有陽光直射的空間。另外，台灣氣候潮溼溫暖，若有起泡現象，記得把水倒掉並且立即清洗，再繼續放著讓發芽，過程中可增加清洗次數，避免過度發酵。\r\n有些人會覺得自己發芽很麻煩難度又高，陳婷鈺說，其實台灣是很適合種植蔬果的國家，在先天環境這麼優的地方，不試試看，實在太可惜了！\r\n\r\n國內少數由醫學角度探討素食的非營利團體。集結各大醫院、大學...等多位有志推廣素食的醫療人員、專家學者，透過講座、食譜、文章，與民眾分享正確的素食營養知識。','article_16_01',3,4),(17,'2022-06-21','除了太白粉 這5種天然勾芡法吃得更安心','台灣人料理常常喜歡勾芡，大多是使用太白粉或是樹薯粉來做勾芡，不過對於健康卻稍有疑慮，其實有許多天然的食材也能做到勾芡的效果，而且以天然食物勾芡吃起來更安心，行政院農委會表示，食材中如白木平、山藥、金針菇、鈴薯、秋葵、地瓜等都能拿來做勾芡，一起來看看吧！\r\n\r\n天然勾芡神器1：山藥\r\n作法：切碎加水打成泥狀（水和山藥為1:1），湯汁約為山藥泥的6~10倍，會有較好的濃稠度。並且山藥不會影響原本料理的味道，濃稠度也很理想，是最好用的天然勾食材，尤其台灣山藥澱粉質含量高，效果佳！\r\n天然勾芡神器2：馬鈴薯\r\n作法：將馬鈴薯切小塊人菜一起煮，煮到糊化，用湯匙壓碎融入湯汁就會變濃稠。不過農委會提醒，馬鈴薯易氧化，不宜先打成泥使用。\r\n天然勾芡神器3：白木耳\r\n作法：加水略淹過白木耳，煮滾後轉小火，繼續滾煮20分鐘，熄火後不開蓋燜至少20~30分鐘，燜愈久效果愈好。\r\n乾的白木耳要先泡發後再煮或用電鍋隔水重複蒸2、3次，汁液夠濃稠即可用來勾。白木耳富含膳食纖維，還能為料理添風味和營養價值。\r\n天然勾芡神器4：金針菇\r\n作法：將金針菇加水打成泥即可用來勾芡，但要注意的是，金針菇會有一個特殊的味道。另外，農委會建議，金針菇不要一次做大量保存，最好當餐使用，比較新鮮，以免不當保存反而會變質。\r\n天然勾芡神器5：秋葵\r\n作法：將秋葵切碎泡水（以1碗水配4根秋葵的比例），用保鮮盒密封，冷藏至少4小時後會變成濃稠的汁液，勾時可以連秋葵一起入菜，或是過濾使用，秋葵能帶來很好的濃稠度。','article_17_01',1,6);
/*!40000 ALTER TABLE `article` ENABLE KEYS */;
UNLOCK TABLES;

--
-- Table structure for table `article_classification`
--

DROP TABLE IF EXISTS `article_classification`;
/*!40101 SET @saved_cs_client     = @@character_set_client */;
/*!50503 SET character_set_client = utf8mb4 */;
CREATE TABLE `article_classification` (
  `sid` int(11) NOT NULL AUTO_INCREMENT,
  `classification` varchar(255) NOT NULL,
  PRIMARY KEY (`sid`)
) ENGINE=InnoDB AUTO_INCREMENT=5 DEFAULT CHARSET=utf8;
/*!40101 SET character_set_client = @saved_cs_client */;

--
-- Dumping data for table `article_classification`
--

LOCK TABLES `article_classification` WRITE;
/*!40000 ALTER TABLE `article_classification` DISABLE KEYS */;
INSERT INTO `article_classification` VALUES (1,'生活'),(2,'世界'),(3,'品味'),(4,'營養');
/*!40000 ALTER TABLE `article_classification` ENABLE KEYS */;
UNLOCK TABLES;

--
-- Table structure for table `city`
--

DROP TABLE IF EXISTS `city`;
/*!40101 SET @saved_cs_client     = @@character_set_client */;
/*!50503 SET character_set_client = utf8mb4 */;
CREATE TABLE `city` (
  `sid` int(11) NOT NULL AUTO_INCREMENT,
  `name` varchar(255) NOT NULL,
  PRIMARY KEY (`sid`)
) ENGINE=InnoDB AUTO_INCREMENT=18 DEFAULT CHARSET=utf8;
/*!40101 SET character_set_client = @saved_cs_client */;

--
-- Dumping data for table `city`
--

LOCK TABLES `city` WRITE;
/*!40000 ALTER TABLE `city` DISABLE KEYS */;
INSERT INTO `city` VALUES (1,'基隆'),(2,'台北'),(3,'新北'),(4,'桃園'),(5,'新竹'),(6,'苗栗'),(7,'台中'),(8,'彰化'),(9,'南投'),(10,'雲林'),(11,'嘉義'),(12,'台南'),(13,'高雄'),(14,'屏東'),(15,'台東'),(16,'花蓮'),(17,'宜蘭');
/*!40000 ALTER TABLE `city` ENABLE KEYS */;
UNLOCK TABLES;

--
-- Table structure for table `collect`
--

DROP TABLE IF EXISTS `collect`;
/*!40101 SET @saved_cs_client     = @@character_set_client */;
/*!50503 SET character_set_client = utf8mb4 */;
CREATE TABLE `collect` (
  `sid` int(11) NOT NULL AUTO_INCREMENT,
  `members_sid` int(11) NOT NULL,
  `article_sid` int(11) NOT NULL,
  `solarterms_recipe_sid` int(11) NOT NULL,
  `recipe_sid` int(11) NOT NULL,
  `map_sid` int(11) NOT NULL,
  PRIMARY KEY (`sid`),
  KEY `article_sid` (`article_sid`),
  KEY `map_sid` (`map_sid`),
  KEY `members_sid` (`members_sid`),
  KEY `recipe_sid` (`recipe_sid`),
  KEY `solarterms_recipe_sid` (`solarterms_recipe_sid`)
) ENGINE=InnoDB DEFAULT CHARSET=utf8;
/*!40101 SET character_set_client = @saved_cs_client */;

--
-- Dumping data for table `collect`
--

LOCK TABLES `collect` WRITE;
/*!40000 ALTER TABLE `collect` DISABLE KEYS */;
/*!40000 ALTER TABLE `collect` ENABLE KEYS */;
UNLOCK TABLES;

--
-- Table structure for table `course`
--

DROP TABLE IF EXISTS `course`;
/*!40101 SET @saved_cs_client     = @@character_set_client */;
/*!50503 SET character_set_client = utf8mb4 */;
CREATE TABLE `course` (
  `sid` int(11) NOT NULL AUTO_INCREMENT,
  `date_2` varchar(255) DEFAULT NULL,
  `date_1` varchar(255) NOT NULL,
  `name` varchar(255) NOT NULL,
  `img` varchar(255) NOT NULL,
  `price` int(11) NOT NULL,
  `vegetarian_sid` int(11) NOT NULL,
  `introduction` text NOT NULL,
  `qty` int(11) NOT NULL,
  `solarterm_sid` int(11) NOT NULL,
  PRIMARY KEY (`sid`)
) ENGINE=InnoDB AUTO_INCREMENT=22 DEFAULT CHARSET=utf8;
/*!40101 SET character_set_client = @saved_cs_client */;

--
-- Dumping data for table `course`
--

LOCK TABLES `course` WRITE;
/*!40000 ALTER TABLE `course` DISABLE KEYS */;
INSERT INTO `course` VALUES (1,'11月18日(五) 19:00-21:00','10月21日(五) 19:00-21:00','地瓜餅','course_01',1200,4,'超級食物「地瓜」含有豐富的膳食纖維、β-胡蘿蔔素、鎂、鉀等營養素。是世界衛生組織評選出來「十大最佳蔬菜」的冠軍，地瓜含有脫氫表雄酮，可以預防乳腺癌和結腸癌，地瓜屬於抗性澱粉，不易在小腸吸收利用，高纖、低GI，因此非常適合減重朋友食用，製作成地瓜餅當早餐或點心都很適合，老少咸宜喔!',10,19),(2,'11月19日(六) 10:30-12:30','10月22日(六) 10:30-12:30','蓮藕綠豆素湯','course_02',1500,3,'天氣太熱，要消暑去濕，順便清熱解毒，煮這個湯就最合適不過！材料簡單，做法容易，熱喝冷喝皆可！綠豆味甘、性寒，可清熱消暑、利尿消腫、潤喉止渴、明目降壓。赤小豆味甘、酸，性平，可利水除濕，和血排膿，消腫解毒 花豆又叫荷包豆，味甘，性平，可去濕、袪水腫、腳氣，調理腸胃消化。熟藕性溫、味甘，可益胃健脾、養血補益、止瀉，主治肺熱咳嗽、煩躁口渴、脾虛泄瀉、食欲不振及各種出血證。紅蘿蔔味甘、性平，益肝明目、健脾化滯。',10,15),(3,'11月19日(六) 14:30-16:30','10月22日(六) 14:30-16:30','清炒四季豆','course_03',700,1,'四季豆清脆可口，口感清甜，簡單做法即可上桌。這種做法的四季豆能保持清脆，也可以燒軟些，依喜好調整。\n它含有豐富的非水溶性膳食纖維，能幫助腸胃有效的蠕動，蛋白質與鐵的含量也高出一般蔬菜，其他還有維生素C和鈣、鎂和磷等礦物質。',10,17),(4,'11月20日(日) 10:30-12:30','10月23日(日) 10:30-12:30','櫛瓜烘蛋','course_04',900,5,'有別於一般煎蛋，櫛瓜咬下去清甜多汁，又加上略帶脆度的甜椒，口感更豐富！\r\n櫛瓜是很富含營養價值的蔬菜，口感又好不需要多調味就很好吃，櫛瓜切成片加上蛋簡單煎一下就會又香又美味，重點是真的超簡單，初學者做起來都不會太困擾。',10,14),(5,'11月20日(日) 14:30-16:30','10月23日(日) 14:30-16:30 ','韓式冷麵','course_05',1300,2,'夏日裡，如何一甌寒漿爽似秋，也許一碗涼絲絲的冷麵，捧在手裡，心中的燥熱已去了一半，或許這也是夏天最後的一種寧靜了，您說，何嘗不是呢？\r\n這款水果涼麵，是用了韓國傳統冷麵的做法，湯汁可是韓國冷麵的靈魂，甜中帶酸、酸中有鹹的清涼湯汁，涼爽透澈，帶著一縷真水無香，大徹大悟的禪意。\r\n如果沒有這酸、甜、鹹、鮮的湯汁，你讓冷麵情何以堪哪。',10,15),(6,'11月25日(五) 19:00-21:00','10月28日(五) 19:00-21:00','雙菇秋葵豆皮捲','course_06',1800,3,'到9月之前，都屬於秋葵的盛產季，切開後帶點黏液的秋葵，富含水溶性膳食纖維，吃起來有飽足感，加上秋葵的鈣質，比牛奶中的鈣質更容易被人體吸收，其他還有礦物質、維生素A及B群等，讓秋葵成為補充營養的優質首選！\r\n將喜愛的新鮮蔬菜用生豆皮包裹，表面煎香後再倒入醬汁調味，營養簡單的豆皮捲，口感豐富，當作素食宴客料理相當合適。',10,17),(7,'11月26日(六) 10:30-12:30','10月29日(六) 10:30-12:30','藜麥素粽','course_07',1900,3,'紅藜為五穀雜糧，不但蛋白質含量高，也含有人體所需的必需氨基酸及鈣、鐵、膳食纖維等營養成份，甚至還有多酚類成份，具有極佳的抗氧化效果。此外，台灣紅藜含有豐富的鈣、磷、鐵、鈉、鋅、鎂及鉀等礦物質，尤其鉀、鈣、鎂含量特別高，鉀為燕麥的100倍、香蕉的12倍；鈣是米與燕麥的50倍與7倍，而鐵、鋅含量各為燕麥的17倍與10倍，就連強化免疫力的稀有元素如硒或鍺也同樣存在於台灣紅藜中。\r\n嘗試蔬食的口味，紅藜栗子香菇素粽 ，加入醬滷的烤麩，口感不輸滷肉。用紅藜搭配糯米而成的米飯，不僅營養均衡，口味也很清新不黏膩，不失為傳統節慶的新選擇。',10,18),(8,'11月26日(六) 14:30-16:30','10月29日(六) 14:30-16:30','菠菜濃湯','course_08',1300,1,'一碗湯，找一種熟悉的溫暖。\r\n留一段記憶中的重要食光，暖一下家人也給自己！\r\n台灣的菠菜產季從11月開始，入冬前尤其著時，因當令而盛產，也能物美價廉，讓餐桌上配合四季的更替而變換菜色，也是一種浪漫，這季節時不妨多吃點菠菜，不僅養顏又補血還能增強一點免疫力。\r\n這ㄧ小碗菠菜濃湯，有馬鈴薯、洋蔥、菠菜、和牛奶，是滿滿營養又甜甜療癒的暖心濃湯！',10,24),(9,'11月27日(日) 10:30-12:30','10月30日(日) 10:30-12:30','果乾雪Q餅','course_09',800,5,'由於果乾在製造過程大量減少水分，卻也增加更多膳食纖維，對於促進腸胃蠕動、排毒解便大有助益。 因此，果乾於上午身體器官活絡旺盛時食用最適宜。 女性與嗜飲咖啡、茶的人普遍有鐵質不足的問題，而許多果乾如葡萄乾的含鐵量高，可食用以改善問題。\r\n棉花糖及餅乾的比例、入口軟硬及鹹甜都剛好。香甜的棉花糖加上鹹味餅乾，配上酸甜的果乾及堅果，層層堆疊出好滋味。',10,26),(10,' 11月27日(日) 14:30-16:30','10月30日(日) 14:30-16:30','蜂蜜瑪德蓮','course_10',1100,5,'剛出爐的瑪德蓮邊緣酥脆，裏頭鬆軟。忍不住一個接著一個吃掉。瑪德蓮的製作方式簡單快速又很美味！做法與海綿蛋糕相似，卻像磅蛋糕般紮實且香氣濃郁。',10,7),(11,'12月02日(五) 19:00-21:00','11月04日(五) 19:00-21:00','夏威夷豆堅果塔','course_11',1200,5,'天然的夏威夷豆不但口感香脆自帶淡奶香，更富含鈣，磷 ，鐵，維生素B1、B2和人體必需的8種胺基酸、優質蛋白質、維生素、不飽和脂肪酸等成分，是營養價價值極高的堅果食材。\r\n簡單煮好一鍋牛奶糖液，再拌上滿滿的夏威夷豆和堅果蔓越莓。每一口咬下，都是滿滿香甜的堅果牛奶糖香，是一道家裡孩子十分稱讚的甜點。當作派對點心，或是學校分享禮也很適合?',10,27),(12,'12月03日(六) 10:30-12:30','11月05日(六) 10:30-12:30','醬燒好彩頭','course_12',700,1,'白蘿蔔是家中常見的食材，不僅含有豐富維生素C、葉酸以及蘿蔔硫素、吲哚等營養素外，更能幫助調節高血壓、抗癌。簡單醬燒白蘿蔔，對味就好吃，討個吉利好彩頭。',10,5),(13,'12月03日(六) 14:30-16:30','11月05日(六) 14:30-16:30','蒜蒸絲瓜','course_13',1100,1,'絲瓜熱量低、水份高當然是糖尿病人首選食材，除可吃個夠外並增飽足感。\r\n腎功能衰竭限鉀者吃絲瓜先燙過，除去鉀離子後再食用。\r\n月經前胸脹吃絲瓜可緩解不舒服感。\r\n美味蔬食料理，清甜爽口多汁。',10,15),(14,'12月04日(日) 10:30-12:30','11月06日(日) 10:30-12:30','素燴鮮菇','course_14',1200,3,'香菇是低熱量、高蛋白、高膳食纖維的食材，其含有維生素A、C、B群、鉀、鎂、磷、鈣等營養成分；適量吃香菇，有助於降低膽固醇、降血壓還有保健腸道的健康。\r\n只要簡單食材，擺盤美美的，上桌超大器，簡單的料理也能當成宴客菜。',10,25),(15,'2月04日(日) 14:30-16:30','10月06日(日) 14:30-16:30','桂圓紅豆紫米粥','course_15',800,3,'紫米還含有不飽和脂肪酸，且紫米含多元不飽和脂肪酸：單元不飽和脂肪酸：飽和脂肪酸為1.4:1.6:1，比例適合，不飽和脂肪酸，具健康價值，對身體有益，其中多元不飽和脂肪酸為人體必需脂肪酸，而單元不飽和脂肪酸的穩定性僅次於飽和脂肪酸，也是健康與實用性兼具。\r\n烹煮桂圓紅豆紫米粥，其中必須同時烹煮兩種米種（紫米、圓糯米）及不易軟爛的紅豆，這次採用電子鍋，只需事先浸泡紅豆，另外兩種不同種類的米則完全不必事先浸泡，最後成品口感黏糯，紅豆鬆軟，原來高難度的甜品，也可以用一鍋同時熟成，輕鬆搞定！',10,28),(16,'12月09日(五) 19:00-21:00','11月11日(五) 19:00-21:00','鏡花水信玄餅','course_16',1500,3,'水信玄餅是由日本著名米糕甜點「信玄餅」演變而來，因為透明如水晶，入口即化。華裔廚師引進紐約後又稱為雨滴蛋糕。因為只能保持30分鐘的固體形狀，所以在日本必須在店內食用完畢，無法外帶。傳統吃法會淋上黑糖漿、撒上黃豆粉。外型透亮的療癒質感，曾經造成網路的一股流行製作旋風。',10,16),(17,'12月10日(六) 10:30-12:30','11月12日(六) 10:30-12:30','杏仁瓦片','course_17',800,5,'以高營養價值受到矚目的杏仁果，不僅是補充油脂的極佳來源，膳食纖維也是一般堅果的2倍以上，且富含鈣、鉀和鋅等礦物質，有助於降低膽固醇及維持心臟健康。若時常處於精神不濟、壓力過大等身體狀況較差的情況，除了從牛奶、優酪乳中攝取國人較缺乏的維生素B2，適度食用杏仁果也有舒緩緊繃情緒並提振精神的效果。 \r\n還沒入門烘焙這條路之前,總是想趕快做出可以讓家人都愛吃的點心,但是往往因為經驗還不夠,每一次都是失敗收場慘痛的洗著碗,所以如果你還只是新手,這個杏仁瓦片絕對是你要試試看的,材料不多步驟簡單,就算是小烤箱也可以輕鬆上手!',10,10),(18,'12月11日(日) 10:30-12:30','11月13日(日) 10:30-12:30','高麗菜炒蛋','course_18',900,2,'高麗菜含有維生素B群、維生素C、維生素K、維生素U、鈣、磷、鉀、有機酸、膳食纖維等營養素。高麗菜含有豐富的人體必需微量元素，其中鈣、鐵、磷的含量在各類蔬菜中名列前五名，又以鈣的含量最為豐富，是黃瓜的五倍、西紅柿的七倍之多。\r\n街頭小店的快手菜，雖然不太中看，但是味道卻很好。特別適合新手嘗試，簡單美味，香噴噴的雞蛋，超級鹹香下飯。',10,25),(19,'12月16日(五) 19:00-21:00','11月18日(五) 19:00-21:00','雪花餅','course_19',1200,4,'雪花餅（又稱雪Q餅）想必是榜上有名。它是以餅乾和棉花糖為基底，再加入果乾、堅果或各風味粉末所製成的零嘴，吃起來口感鬆軟不黏牙，無論與各式茶飲或咖啡都十分百搭。',10,25),(20,'12月12日(六) 10:30-12:30','11月19日(六) 10:30-12:30','冰心地瓜雞蛋捲','course_20',1100,2,'地瓜富含許多營養素，包括膳食纖維、維生素A、維生素C、?生素B5（Vitamin B5，又稱泛酸Pantothenic acid）、維生素B6、錳、鉀、銅、礦物質等等。鉀可以調節心跳，鎂則是能夠放鬆肌肉，可以保護、控制腎臟活動。\r\n用當季的台灣地瓜當食材，淋上有堅果味的印加果油，裹上鮮奶油蛋捲皮，冰涼的吃，又有飽足感，正餐點心皆合宜。',10,10),(21,'12月13日(日) 10:30-12:30','11月20日(日) 10:30-12:30','松露野菇義大利麵','course_21',1200,4,'松露含有非常豐富的營養成分，包括維他命、氨基酸、礦物質及微量元素等，這些成分都是人體正常代謝所必需的，因此，經常食用含這些成分的食物，有利於補足機體之需，增加免疫力，減少疾病的發生。\r\n頂級松露提味，濃郁香氣撲鼻而來，清炒義大利麵佐以松露野菇，一品自然鮮甜!義式香料與特選橄欖油提味，搭配甜椒與爐烤食蔬，吃得到的完整野菇瓣超滿足。',10,19);
/*!40000 ALTER TABLE `course` ENABLE KEYS */;
UNLOCK TABLES;

--
-- Table structure for table `map`
--

DROP TABLE IF EXISTS `map`;
/*!40101 SET @saved_cs_client     = @@character_set_client */;
/*!50503 SET character_set_client = utf8mb4 */;
CREATE TABLE `map` (
  `sid` int(11) NOT NULL AUTO_INCREMENT,
  `img` varchar(255) NOT NULL,
  `city_sid` int(11) NOT NULL,
  `area_sid` int(11) NOT NULL,
  `name` varchar(255) NOT NULL,
  `address` varchar(255) NOT NULL,
  `mobile` varchar(255) NOT NULL,
  `time` varchar(255) NOT NULL,
  `url` varchar(255) NOT NULL,
  `sort` varchar(255) NOT NULL,
  PRIMARY KEY (`sid`)
) ENGINE=InnoDB AUTO_INCREMENT=121 DEFAULT CHARSET=utf8;
/*!40101 SET character_set_client = @saved_cs_client */;

--
-- Dumping data for table `map`
--

LOCK TABLES `map` WRITE;
/*!40000 ALTER TABLE `map` DISABLE KEYS */;
INSERT INTO `map` VALUES (61,'map_01',2,5,'全國素食-大安復興店','台北市大安區復興南路二段314號','02-27361168','營業時間：星期一至星期日 10:30~13:50、16:30~20:00','https://goo.gl/maps/vHWj2KzKNY3GDfpn6','全素 / 蛋素 / 奶素'),(62,'map_02',3,5,'卡帛素食烘培義式廚房','台北市大安區復興南路二段308巷5號','02-27336819','營業時間：周一~周六:8:00~22:00 周日及國定假日:8:00~21:30','https://goo.gl/maps/icbFUU4hyHHKrnck6','全素 / 奶素'),(63,'map_03',4,5,'蓮緣素食餐館-大安店','台北市大安區光復南路410號','02-7038823','營業時間：每星期日公休，如遇初一，十五正常營運','https://goo.gl/maps/tFo9UyupZQuija3x6','全素'),(64,'map_04',5,1,'陽明春天・生活館-東門店','台北市中正區金山南路一段127-2號','02-23979989','營業時間：週一 ~ 週日 9：00～21：00','https://g.page/ymspring03?share','全素'),(65,'map_05',6,1,'啼岸VeganResort','台北市中正區牯嶺街133號','02-23682913','營業時間：週一 ~ 週日 11：00～21：00','https://goo.gl/maps/x8cUp1d3SXP2Lv1N6','全素 / 蛋素 / 奶素 / 五辛素'),(66,'map_06',7,1,'管麵素食麵館','台北市中正區中華路二段315巷9號','02-23033353','營業時間：星期二至星期日 11:30–14:00、17:00–21:00','https://goo.gl/maps/EQmjpcJX2k3N8Wdz7','全素 / 奶素'),(67,'map_07',8,1,'福岡天神屋台-北車炒麵麵包','台北市中正區南陽街17巷2號','0908-683335','營業時間：11:45–21:00','https://g.page/tenjin-yatai?share','全素 / 蛋素 / 奶素 / 五辛素'),(68,'map_08',9,1,'梅門防空洞','台北市中正區延平南路87號','02-23897788','營業時間：星期二至星期日 11:00–21:00、星期五23:00–3:00','https://goo.gl/maps/7S1sZPpUNPVCKLHy7','全素 / 奶素'),(69,'map_09',10,2,'無口小廚','台北市大同區環河北路431號','0','營業時間：星期一至星期日 12:00–15:00、17:00–20:00','https://g.page/mukuchi2019?share','全素'),(70,'map_10',11,2,'Vegan Amore蔬慕','台北市大同區承德路一段1號3樓 (京站時尚廣場)','02-2555-6090','營業時間：星期一至四 11:00–21:30、星期五和六 11:00–22:00','https://goo.gl/maps/vppkgvGM3FaDxf6r9','全素 / 五辛素'),(71,'map_11',12,2,'好想吃冰 かき氷 日式蔬食-中山赤峰店','台北市大同區赤峰街7號','02-25580653','營業時間：12:00–21:00','https://goo.gl/maps/UpgCsXEZYgxVaLJR8','全素'),(72,'map_12',13,2,'叁食山lab33Restaurant & Bar','台北市大同區南京西路251號','02-2555-5839','營業時間：星期二至五、星期日11:00-21:00星期六11:00-22:00','https://g.page/lab33?share','全素 / 奶素 / 五辛素'),(73,'map_13',14,2,'文大叔蔬食麵線','台北市大同區民生西路169之2號','02-25573337','營業時間：星期五至二 11:30–20:00','https://goo.gl/maps/xBqxrUFA3AYitPYv5','全素 / 蛋素 / 奶素'),(74,'map_14',15,5,'蓮緣素食餐館-大安店','台北市大安區光復南路410號','02-27038823','營業時間：每星期日公休，如遇初一，十五正常營運','https://goo.gl/maps/Xp1aVidP81PgLPpa8','全素'),(75,'map_15',16,5,'陽明春天讀蔬會-大安店','台北市大安區大安路一段231號1樓','02-87721829','營業時間：8:00-21:00無休息','https://g.page/ymspring02?share','全素'),(76,'map_16',17,6,'東興素食自助餐廳','台北市萬華區萬大路486巷59弄3號','02-23050184','營業時間：06:00-13:00，每星期日公休','https://goo.gl/maps/1nQ526D4u7gXqq1k6','全素 / 奶素'),(77,'map_17',18,6,'圓禾素膳食府','台北市萬華區青年路152巷27號','02-23079915','營業時間：星期二至日 11:00–14:00、17:00–21:00','https://goo.gl/maps/4Dm9TMeTSHQ4swrD8','全素'),(78,'map_18',19,6,'一派胡塩酵素臭豆腐-萬大店','台北市萬華區萬大路86號','0953-933-507','營業時間：12:00-21:00，週二公休','https://g.page/KYfood4919?share','全素'),(79,'map_19',20,6,'淨寧香素食','台北市萬華區中華路二段305巷6號','02-23374917','營業時間：星期一至六11:00-15:00,16:30-20:00','https://goo.gl/maps/KTUswPNo6VaMmW2x9','全素'),(80,'map_20',21,6,'德昌蔬食早午餐','台北市萬華區德昌街78號','0981-185-318','營業時間：06:00–14:00','https://goo.gl/maps/4ZBFWNbwe3EnA5pZ8','全素'),(81,'map_21',22,7,'三福好味素食','台北市信義區中坡南路166號','0979-666-579','營業時間：週二至週五: 9:00-13:30 、17:00-19:30 、週六:9:00-13:30','https://goo.gl/maps/nYw8KYykKYXzhVgS8','全素'),(82,'map_22',23,7,'千喜素包子','台北市信義區吳興街124號','02-27330735','營業時間：星期一至六07:00-18:30','https://goo.gl/maps/b4wqy2E1C1JnWVT6A','全素'),(83,'map_23',24,7,'全養知 異國蔬食 101店','台北市信義區莊敬路440號','02-87898995','營業時間：星期一至日11:00–21:00','https://g.page/qyz101?share','全素'),(84,'map_24',25,7,'梅門需要房-東門店','台北市信義區信義路二段193號','02-23930588','營業時間：星期一至六10:00–20:00','https://goo.gl/maps/ZS2jWjuiwMeg8HVu8','全素'),(85,'map_25',26,7,'玉香齋養生素食烘焙','台北市信義區忠孝東路四段553巷2弄1號','02-87876680','營業時間：11:00～19:30','https://goo.gl/maps/kuPakxMVvXuQXMKZ8','全素'),(86,'map_26',27,8,'全國健康素食-天母店','台北市士林區天母西路32號','02-28733555','營業時間：10:30-13：50、16:30-19:30','https://goo.gl/maps/tUtdkDNknDKWzoCg7','全素 / 蛋素 / 奶素'),(87,'map_27',28,8,'越鄉養生素食館','台北市士林區文昌路32號','02-28313419','營業時間：11:00–15:00、17:00–21:00','https://goo.gl/maps/DeigcApwQtPjgpBc9','全素'),(88,'map_28',29,8,'大人山養','台北市士林區磺溪街50巷11號','02-28351755','營業時間：星期一至日11:30-13:00、17:30-20:00','https://goo.gl/maps/orUa23B6qDpAF8Uj8','全素 / 五辛素'),(89,'map_29',30,8,'陽明春天・心五藝文創園區','台北市士林區菁山路119-1號','02-28620178','營業時間：11:30–21:00','https://g.page/ymspring01?share','全素'),(90,'map_30',31,8,'台北奧萬大樂活莊園','台北市士林區平菁街10巷13號','02-28619862','營業時間：10:00-18:00','https://g.page/TaipeiMapleResort?share','全素 / 蛋素 / 奶素'),(91,'map_31',32,3,'梅門六調通','台北市中山區林森北路107巷69號1F','02-2563-3838','營業時間：11:00–21:00','https://goo.gl/maps/mNW88MhoPGJVQ9kk7','全素'),(92,'map_32',33,3,'長春食素名人餐廳','台北市中山區新生北路二段38號','02-25115656','營業時間：11:00~18:00','https://goo.gl/maps/TFxjYRB8tpvC4CtU7','全素 / 蛋素 / 奶素'),(93,'map_33',34,3,'禪風茶樓 Zen Tea Restaurant','台北市中山區松江路182號2樓','02-25678977','營業時間：11:30–14:30, 17:30–21:30','https://goo.gl/maps/5MMqXNH4KoeTn8ir8','全素 / 蛋素 / 奶素'),(94,'map_34',35,3,'L.I.S 2020v 蔬食餐酒舘','台北市中山區林森北路138巷34號1F','02-25677778','營業時間：11:30–20:00','https://goo.gl/maps/RCvAsS1kXdin1oVHA','蛋素 / 奶素  / 五辛素'),(95,'map_35',36,3,'親食砌蔬食Café','台北市中山區松江路313巷4號','02-25016580','營業時間：11:30-21:00','https://goo.gl/maps/6gsqDrWLMu42VW6W6','全素 / 奶素'),(96,'map_36',37,4,'蔬醒vegeburger','台北市松山區八德路三段12巷5弄48號(nenechicken旁)','02-25792456','營業時間：07:30-15:00,17:00-20:00','https://goo.gl/maps/JMnGES4cEAHSFEMdA','全素 / 蛋素 / 奶素'),(97,'map_37',38,4,'紫竹林滴水坊','台北市松山區民權東路三段106巷3弄29號','02-25471942','營業時間：11:00–13:30, 17:00–19:00','https://goo.gl/maps/PvVUD4bGynQUq3Qd6','全素'),(98,'map_38',39,4,'食采集思-民生店','台北市松山區民生東路四段103號2樓','02-25475616','營業時間：平日11:30–15:00, 17:00–21:00/假日11:30–21:00','https://goo.gl/maps/gg27mYFe3wP9pqmaA','全素'),(99,'map_39',40,4,'嶼人咖啡','台北市松山區南京東路五段250巷2弄39號右側','02-27480069','營業時間：星期二至日:12:00–20:00','https://goo.gl/maps/FT2cF3fSXJn7NkRa9','全素'),(100,'map_40',41,4,'祥和蔬食料理-慶城店','台北市松山區南京東路三段303巷7弄7號','02-25466188','營業時間：平日：11:30–14:00 / 17:30–21:00例假日：(午餐時段2選1) 11:30-13:00 / 13:15-14:45(晚餐時段2選1) 17:30-19:00 / 19:15-21:00','https://goo.gl/maps/xef1LcBbPeR2Hgyi9','全素 / 蛋素 / 奶素'),(101,'map_41',42,9,'賢爸蔬食','台北市北投區中央南一路一段25巷5號','02-228988281','營業時間：平日08:30–14:0017:00–20:00    週三休息','https://goo.gl/maps/mncS8vkdifHtAcrj7','蛋素 / 奶素  / 五辛素'),(102,'map_42',43,9,'南洋蔬食小棧','台北市北投區崇仁路一段130號一樓','0912265765','營業時間：週四到週日11:00–14:0017:00–20:00 週一到週三公休','https://goo.gl/maps/WPgr4cZVUc3hj9Ki6','蛋素 / 奶素  / 五辛素'),(103,'map_43',44,9,'吉祥素食','台北市北投區中央北路一段228巷5號','02-228955488','營業時間：週一到週日11:00–20:00週六公休','https://goo.gl/maps/bmyXRKyByusSGzoX6','蛋素 / 奶素  / 五辛素'),(104,'map_44',45,9,' 全家福素食','台北市北投區石牌路一段166巷112號','02-28233260','營業時間：週一到週六11:00–14:0016:00–19:30 週日公休','https://goo.gl/maps/z5cJvkDoFGocJRnt6','蛋素 / 奶素  / 五辛素'),(105,'map_45',46,9,'芽米日子 yummy vegan home 純植物飲食','台北市北投區大業路735號','02-28919394','營業時間：週三到週日112:00–15:0017:30–20:45 週一到週二公休','https://goo.gl/maps/47UmdCFZTjJjCrMM7','全素'),(106,'map_45',47,10,'東湖-素 Vegetarian','台北市內湖區康樂街48巷31號','0928712991','營業時間：周二至周六10:00–14:00, 17:00–19:30 週一公休','https://goo.gl/maps/hFbs47M11B77cmzE7','全素'),(107,'map_46',48,10,'素配灶咖','台北市內湖區內湖路二段424號','02-27956565','營業時間：11:00–19:30週一公休','https://goo.gl/maps/u93o9g2UHCFtTK4cA','全素'),(108,'map_47',49,10,'樂芙味蔬食料理','台北市內湖區江南街71巷8號','02-26591781','營業時間：11:30–14:30, 17:30–20:30星期日公休','https://goo.gl/maps/knhid9hEXs36Jh6U7','全素'),(109,'map_48',50,10,'荷田田素食館','台北市內湖區內湖路一段323巷12號','02-26271113','營業時間：11:00–14:00, 17:00–20:00暫休星期六、星期日，可先電話確認，有轉接','https://goo.gl/maps/TTG8cQp6WmGWSxoJ7','全素/蛋素'),(110,'map_49',51,10,'夏媽媽素食','台北市內湖區東湖路106巷7弄2號','\'0989702085','營業時間：10:00-21:00','https://goo.gl/maps/Tv6JcKeGcCL3tzFj7','全素'),(111,'map_50',52,11,'祥益健康素食館','台北市南港區成福路22號','02-27832384','營業時間：星期一至五10:30-14:00,17:00-20:00星期六晚上,星期日公休','https://goo.gl/maps/caY6WHZPZgw7b6Gq8','全素/蛋素/奶素'),(112,'map_51',53,11,'小植茁植物料理Vegan Vixated','台北市南港區研究院路二段5巷2-1號','0972705725','營業時間：星期日至五 12:00–13:30、17:30–20:30星期六公休','https://goo.gl/maps/kCDm8zvY2QsHHLCo8','全素'),(113,'map_52',54,11,'蔬食8便利超商','台北市南港區忠孝東路六段405號1樓','02－26546080','營業時間：星期一至六:7:30-20:30星期日公休','https://goo.gl/maps/S4Lw2LXrW8UW3YH48','全素/蛋素/奶素'),(114,'map_53',55,11,'享味素食漢堡','台北市南港區市民大道八段600號','0911263095','營業時間：星期一至六 12:00–21:00星期日公休','https://goo.gl/maps/8KTRjq6HR8VcJieo9','全素/蛋素/奶素/五辛素'),(115,'map_54',56,11,'越南素食','台北市南港區成福路28號','02-27673009','營業時間：星期一至六 12:00–21:00 ','https://goo.gl/maps/RwFWsiUgrExFuH6X9','全素/蛋素'),(116,'map_55',57,12,'歡喜素食','台北市文山區景文街101之7號','02-29312128','營業時間：10:00-20:00星期一、二公休','https://goo.gl/maps/5WU6x7A4kamj2zgq5','全素/奶素'),(117,'map_56',58,12,'大禾養生蔬食','台北市文山區木柵路二段199號','02-22348505','營業時間：10:30-20:00星期六日公休','https://goo.gl/maps/nSvRWAku8f8QYV4P7','全素/奶素'),(118,'map_57',59,12,'福利餐廳（開心素食）','台北市文山區興隆路一段167號','02-29356298','營業時間：星期三至一 11:00–14:00、17:00–21:00星期二公休','https://goo.gl/maps/9u8fxw8aQb5BxsD37','全素'),(119,'map_58',60,12,'玉葵屋','台北市文山區興隆路二段237號','02-29300052','營業時間：11:00-14:00,17:00-20:30星期日公休','https://goo.gl/maps/CP3dHawaCyUof4H1A','全素/蛋素/奶素'),(120,'map_59',61,12,'至仁堂素食餐廳','台北市文山區木柵路一段38號','02-22360538','營業時間：11:00-14:00,17:00-21:00星期一公休','https://goo.gl/maps/tvnbMuD9MgPkrrwB7','全素/奶素');
/*!40000 ALTER TABLE `map` ENABLE KEYS */;
UNLOCK TABLES;

--
-- Table structure for table `map_collect`
--

DROP TABLE IF EXISTS `map_collect`;
/*!40101 SET @saved_cs_client     = @@character_set_client */;
/*!50503 SET character_set_client = utf8mb4 */;
CREATE TABLE `map_collect` (
  `sid` int(11) NOT NULL AUTO_INCREMENT,
  `name` varchar(255) NOT NULL,
  `img` varchar(255) NOT NULL,
  `address` varchar(255) NOT NULL,
  `business_hours` varchar(255) NOT NULL,
  `phone` varchar(255) NOT NULL,
  `sort` varchar(255) NOT NULL,
  `member_id` int(11) NOT NULL,
  `map_id` int(11) NOT NULL,
  `url` text DEFAULT NULL,
  PRIMARY KEY (`sid`)
) ENGINE=InnoDB AUTO_INCREMENT=16 DEFAULT CHARSET=utf8;
/*!40101 SET character_set_client = @saved_cs_client */;

--
-- Dumping data for table `map_collect`
--

LOCK TABLES `map_collect` WRITE;
/*!40000 ALTER TABLE `map_collect` DISABLE KEYS */;
INSERT INTO `map_collect` VALUES (5,'全國素食-大安復興店','map_01','台北市大安區復興南路二段314號','營業時間：星期一至星期日 10:30~13:50、16:30~20:00','02-27361168','全素 / 蛋素 / 奶素',1,61,NULL),(6,'蓮緣素食餐館-大安店','map_03','台北市大安區光復南路410號','營業時間：每星期日公休，如遇初一，十五正常營運','02-7038823','全素',1,63,NULL),(7,'全國素食-大安復興店','map_01','台北市大安區復興南路二段314號','營業時間：星期一至星期日 10:30~13:50、16:30~20:00','02-27361168','全素 / 蛋素 / 奶素',4,61,'https://goo.gl/maps/vHWj2KzKNY3GDfpn6'),(8,'卡帛素食烘培義式廚房','map_02','台北市大安區復興南路二段308巷5號','營業時間：周一~周六:8:00~22:00 周日及國定假日:8:00~21:30','02-27336819','全素 / 奶素',4,62,'https://goo.gl/maps/icbFUU4hyHHKrnck6'),(10,'全國素食-大安復興店','map_01','台北市大安區復興南路二段314號','營業時間：星期一至星期日 10:30~13:50、16:30~20:00','02-27361168','全素 / 蛋素 / 奶素',8,61,'https://goo.gl/maps/vHWj2KzKNY3GDfpn6'),(11,'卡帛素食烘培義式廚房','map_02','台北市大安區復興南路二段308巷5號','營業時間：周一~周六:8:00~22:00 周日及國定假日:8:00~21:30','02-27336819','全素 / 奶素',8,62,'https://goo.gl/maps/icbFUU4hyHHKrnck6'),(12,'蓮緣素食餐館-大安店','map_03','台北市大安區光復南路410號','營業時間：每星期日公休，如遇初一，十五正常營運','02-7038823','全素',8,63,'https://goo.gl/maps/tFo9UyupZQuija3x6'),(13,'陽明春天・生活館-東門店','map_04','台北市中正區金山南路一段127-2號','營業時間：週一 ~ 週日 9：00～21：00','02-23979989','全素',2,64,'https://g.page/ymspring03?share'),(14,'福岡天神屋台-北車炒麵麵包','map_07','台北市中正區南陽街17巷2號','營業時間：11:45–21:00','0908-683335','全素 / 蛋素 / 奶素 / 五辛素',2,67,'https://g.page/tenjin-yatai?share'),(15,'管麵素食麵館','map_06','台北市中正區中華路二段315巷9號','營業時間：星期二至星期日 11:30–14:00、17:00–21:00','02-23033353','全素 / 奶素',2,66,'https://goo.gl/maps/EQmjpcJX2k3N8Wdz7');
/*!40000 ALTER TABLE `map_collect` ENABLE KEYS */;
UNLOCK TABLES;

--
-- Table structure for table `members`
--

DROP TABLE IF EXISTS `members`;
/*!40101 SET @saved_cs_client     = @@character_set_client */;
/*!50503 SET character_set_client = utf8mb4 */;
CREATE TABLE `members` (
  `sid` int(11) NOT NULL AUTO_INCREMENT,
  `name` varchar(255) NOT NULL,
  `email` varchar(255) NOT NULL,
  `password` varchar(255) NOT NULL,
  `gender` char(255) DEFAULT NULL,
  `birthday` date DEFAULT NULL,
  `mobile` varchar(255) DEFAULT NULL,
  `nickname` varchar(255) DEFAULT NULL,
  `create_at` datetime NOT NULL,
  `address` varchar(255) DEFAULT NULL,
  `mugshot_img` varchar(255) DEFAULT NULL,
  PRIMARY KEY (`sid`)
) ENGINE=InnoDB AUTO_INCREMENT=32 DEFAULT CHARSET=utf8;
/*!40101 SET character_set_client = @saved_cs_client */;

--
-- Dumping data for table `members`
--

LOCK TABLES `members` WRITE;
/*!40000 ALTER TABLE `members` DISABLE KEYS */;
INSERT INTO `members` VALUES (1,'brian','brian@gmail.com','123123',NULL,NULL,'0912345678','brian','2022-09-29 13:54:24','',NULL),(2,'賴奕銘','lem@gmail.com                                                                                                                                                     ','$2y$10$rf7yK3rQ336bovnoG7VxoO7TfZvyeHrO8m5.BB9DbFGZXQ/sRl6uK','男','1995-08-20','0988580850','LEM','2022-10-04 14:04:37','台北市松山區三民路40號  ',NULL),(8,'李孟','qwer@gmail.com','$2y$10$D8qv4NK4PN5AoeQmFd12PuscaahIY9gBaHZHj6hZD4wKmPgigMjiy',NULL,NULL,'0933111555',NULL,'2022-10-06 09:55:05',NULL,NULL),(14,'黃柯承','brian123@gmail.com                                                                                                                                                ','$2y$10$uq4eIgnrNGKZEfWOK5zXDua2.I8EoWFoM9AJr5362Axc99vAzffdy','男','1990-07-01','0912345678',NULL,'2022-10-07 10:46:09','vfdv',NULL),(15,'陳小明','123@gmail.com','$2y$10$zOe7h06omwF1fTlhxhZUw.gaUA7isknVOiYzwUjzUKGpif0/o5Jvy',NULL,NULL,'0933111111',NULL,'2022-10-07 11:03:05',NULL,NULL),(16,'林小明','456@gmail.com','$2y$10$RFwx96I/UVKKgTwR6jifA.ICOs1lTvZiQg1mFju5EhXJ1W/LY6mli',NULL,NULL,'0911333555',NULL,'2022-10-07 11:42:45',NULL,NULL),(17,'黃柯澄','kc@gmail.com','$2y$10$OEv7HcmQzlZbX3k4H3XkseJ4OHcYzZRyQqz0EB1fWXV8w3P.BQ2bS',NULL,NULL,'0912344567',NULL,'2022-10-07 11:57:42',NULL,NULL),(21,'林小明','789@gmail.com','$2y$10$CcgvwE72KnVT586m3awxV.Jjv/7aAFfUNZjGjRtWs2XlmSPouhu6C',NULL,NULL,'0955444666',NULL,'2022-10-07 12:10:24',NULL,NULL),(26,'黃柯承','brian123@gmail.com                                                                                                                                                ','123123','男','1990-07-01','0912345678',NULL,'2022-10-07 10:46:09','vfdv',NULL),(28,'黃棵成','brian456@gmail.com                                                                                                                                                ','$2y$10$y5MPri0nJVnR16Nnyc6LGO5bEuCqaZ.25boQzuUt212DlNuSNcF.O','男','1990-12-01','0912345678',NULL,'2022-10-07 13:50:39','taipei city ',NULL),(29,'鄭小蘭','zxc@gmail.com                                                                        ','$2y$10$cbDlw/aoI2xl6CvA5hhdxu39Y3fgv2DMl0go8ueDh2rTjfYdGub4q','女','1990-01-01','0955666777',NULL,'2022-10-07 14:12:22','zxc',NULL),(30,'吳筱柔','111@gmail.com','$2y$10$TUkqwjmH2M8GcURY/M23Fehf829a3OZcEro7TxLFBSK7.AqXkrPkm',NULL,NULL,'0900111000',NULL,'2022-10-07 14:21:05',NULL,NULL);
/*!40000 ALTER TABLE `members` ENABLE KEYS */;
UNLOCK TABLES;

--
-- Table structure for table `order_details`
--

DROP TABLE IF EXISTS `order_details`;
/*!40101 SET @saved_cs_client     = @@character_set_client */;
/*!50503 SET character_set_client = utf8mb4 */;
CREATE TABLE `order_details` (
  `sid` int(11) NOT NULL AUTO_INCREMENT,
  `course_sid` int(11) NOT NULL,
  `order_sid` int(11) NOT NULL,
  `price` int(11) NOT NULL,
  PRIMARY KEY (`sid`)
) ENGINE=InnoDB AUTO_INCREMENT=35 DEFAULT CHARSET=utf8;
/*!40101 SET character_set_client = @saved_cs_client */;

--
-- Dumping data for table `order_details`
--

LOCK TABLES `order_details` WRITE;
/*!40000 ALTER TABLE `order_details` DISABLE KEYS */;
INSERT INTO `order_details` VALUES (1,1,0,1200),(2,1,0,1200),(3,2,0,1500),(4,1,3,1200),(5,2,3,1500),(6,3,3,700),(7,1,4,1200),(8,3,5,700),(9,4,5,900),(10,8,6,1300),(11,1,6,1200),(12,5,7,1300),(13,2,7,1500),(14,1,8,1200),(15,1,9,1200),(16,19,9,1200),(17,1,10,1200),(18,10,11,1100),(19,8,12,1300),(20,1,12,1200),(21,8,13,1300),(22,19,13,1200),(23,12,14,700),(24,19,14,1200),(25,3,15,700),(26,19,15,1200),(27,8,16,1300),(28,1,16,1200),(29,8,17,1300),(30,1,17,1200),(31,13,18,1100),(32,19,18,1200),(33,1,19,1200),(34,19,19,1200);
/*!40000 ALTER TABLE `order_details` ENABLE KEYS */;
UNLOCK TABLES;

--
-- Table structure for table `order_record`
--

DROP TABLE IF EXISTS `order_record`;
/*!40101 SET @saved_cs_client     = @@character_set_client */;
/*!50503 SET character_set_client = utf8mb4 */;
CREATE TABLE `order_record` (
  `sid` int(11) NOT NULL AUTO_INCREMENT,
  `order_date` varchar(255) DEFAULT NULL,
  `order_number` varchar(255) DEFAULT NULL,
  `order_price` varchar(255) DEFAULT NULL,
  `order_state` varchar(255) DEFAULT NULL,
  `member_sid` int(11) NOT NULL,
  PRIMARY KEY (`sid`)
) ENGINE=InnoDB AUTO_INCREMENT=6 DEFAULT CHARSET=utf8;
/*!40101 SET character_set_client = @saved_cs_client */;

--
-- Dumping data for table `order_record`
--

LOCK TABLES `order_record` WRITE;
/*!40000 ALTER TABLE `order_record` DISABLE KEYS */;
INSERT INTO `order_record` VALUES (1,'10/5','A34FER9870','1000','已付款',2),(2,'10/8','P28FFG9012','800','已付款',2),(3,'9/24','B34FER3413','1200','已付款',2),(4,'9/10','F58NW4209','1000','已付款',2),(5,'8/27','P13BWS3221','1500','已付款',2);
/*!40000 ALTER TABLE `order_record` ENABLE KEYS */;
UNLOCK TABLES;

--
-- Table structure for table `orders`
--

DROP TABLE IF EXISTS `orders`;
/*!40101 SET @saved_cs_client     = @@character_set_client */;
/*!50503 SET character_set_client = utf8mb4 */;
CREATE TABLE `orders` (
  `sid` int(11) NOT NULL AUTO_INCREMENT,
  `member_sid` int(11) DEFAULT NULL,
  `totalcost` int(11) DEFAULT NULL,
  `order_date` datetime DEFAULT NULL,
  PRIMARY KEY (`sid`)
) ENGINE=InnoDB AUTO_INCREMENT=20 DEFAULT CHARSET=utf8;
/*!40101 SET character_set_client = @saved_cs_client */;

--
-- Dumping data for table `orders`
--

LOCK TABLES `orders` WRITE;
/*!40000 ALTER TABLE `orders` DISABLE KEYS */;
INSERT INTO `orders` VALUES (1,2,1200,'2022-10-04 14:42:21'),(2,2,2700,'2022-10-04 14:43:05'),(3,2,3400,'2022-10-04 15:56:46'),(4,2,1200,'2022-10-04 15:57:06'),(5,2,1600,'2022-10-04 16:18:00'),(6,2,2500,'2022-10-05 10:36:49'),(7,4,2800,'2022-10-05 10:43:59'),(8,3,1200,'2022-10-05 12:17:21'),(9,7,2400,'2022-10-05 16:03:39'),(10,7,1200,'2022-10-05 16:28:16'),(11,2,1100,'2022-10-05 16:58:36'),(12,9,2500,'2022-10-06 11:04:59'),(13,10,2500,'2022-10-06 11:25:51'),(14,11,1900,'2022-10-06 14:12:59'),(15,12,1900,'2022-10-06 14:53:59'),(16,2,2500,'2022-10-07 10:53:11'),(17,24,2500,'2022-10-07 13:23:31'),(18,24,2300,'2022-10-07 13:46:19'),(19,2,2400,'2022-10-07 15:24:42');
/*!40000 ALTER TABLE `orders` ENABLE KEYS */;
UNLOCK TABLES;

--
-- Table structure for table `recipe`
--

DROP TABLE IF EXISTS `recipe`;
/*!40101 SET @saved_cs_client     = @@character_set_client */;
/*!50503 SET character_set_client = utf8mb4 */;
CREATE TABLE `recipe` (
  `sid` int(11) NOT NULL AUTO_INCREMENT,
  `name` varchar(255) NOT NULL,
  `date` date NOT NULL,
  `img` varchar(255) NOT NULL,
  `step_img` varchar(255) NOT NULL,
  `vegetarian_sid` int(11) NOT NULL,
  `introduction` text NOT NULL,
  `quantity` int(11) NOT NULL,
  `time` int(11) DEFAULT NULL,
  `ingredients_sid` int(11) NOT NULL,
  `step_sid` int(11) NOT NULL,
  `members_sid` int(11) NOT NULL,
  PRIMARY KEY (`sid`)
) ENGINE=InnoDB AUTO_INCREMENT=18 DEFAULT CHARSET=utf8;
/*!40101 SET character_set_client = @saved_cs_client */;

--
-- Dumping data for table `recipe`
--

LOCK TABLES `recipe` WRITE;
/*!40000 ALTER TABLE `recipe` DISABLE KEYS */;
INSERT INTO `recipe` VALUES (1,'木耳炒甜豆','2019-11-09','recipe_01','recipe_01_01,recipe_01_02,recipe_01_03,recipe_01_04,recipe_01_05,recipe_01_06,recipe_01_07,recipe_01_08,recipe_01_09',1,'清甜的什錦蔬菜，吃得到滿滿營養！\n一道菜包含多樣蔬菜和口感，豐富的色彩讓便當看起來更美味可口讓人食慾大開。\n適合全家大小食用,唯痛風患者要避食黑木耳。',3,10,1,1,3),(2,'蔬食藜麥炒飯','2022-07-06','recipe_02','recipe_02_01,recipe_02_02,recipe_02_03,recipe_02_04,recipe_02_05,recipe_02_06,recipe_02_07',1,'比外面賣的炒飯更低脂、更高纖，美味依舊但營養更加分！',3,20,2,2,2),(3,'九層塔烘蛋','2022-07-06','recipe_03','recipe_03_01,recipe_03_02',5,'烘蛋難在於火候，剛開始煎得不漂亮或含油也沒關係，勤加練習就會越來越上手。',4,15,3,3,1),(4,'雞蛋杯','2022-04-14','recipe_04','recipe_04_01,recipe_04_02,recipe_04_03,recipe_04_04,recipe_04_05,recipe_04_06,recipe_04_07',5,'冰箱剩料大集合！\r\n食材簡單-冰箱有什麼丟什麼\r\n易做方便-烤箱一次完成\r\n營養好吃-滿滿的蔬菜和雞蛋',2,30,4,4,1),(5,'雪白菇番茄炒蛋','2022-03-20','recipe_05','recipe_05_01,recipe_05_02,recipe_05_03,recipe_05_04,recipe_05_05',4,'冰箱剩料組合。\r\n簡單的番茄炒蛋加入雪白菇增添口感和營養！\r\n一瓶黑豆油膏調味就完成了',2,5,5,5,1),(6,'涼拌素雞','2022-07-15','recipe_06','recipe_06_01,recipe_06_02,recipe_06_03,recipe_06_04,recipe_06_05,recipe_06_06',1,'夏日良伴~涼拌素雞~這涼拌素雞的美味程度一點都不輸春水堂的哦~!!(嘿嘿~不是我老王賣瓜這是我姊姊說滴!)',4,10,6,6,2),(7,'絲瓜麵線','2022-06-29','recipe_07','recipe_07_01,recipe_07_02,recipe_07_03,recipe_07_04,recipe_07_05',3,'一般絲瓜麵線會加蝦皮、蛤蜊或油蔥增添香氣，但其實純素版的也很清香喔！',3,15,7,7,3),(8,'醬燒豆包','2022-05-22','recipe_08','recipe_08_01,recipe_08_02,recipe_08_03,recipe_08_04,recipe_08_05',1,'「豆包」口感比豆皮軟Q營養豐富也能促進代謝煎香提升黃豆香氣簡單醬燒好吃無敵搭配香菜香氣清爽挺好??',3,60,8,8,4),(9,'涼拌龍鬚菜','2022-05-02','recipe_09','recipe_09_01,recipe_09_02,recipe_09_03,recipe_09_04,recipe_09_05',3,'最近小孩子居家上課機率大增，事先準備一些小菜起來冷藏，可以讓在家陪伴小孩的媽媽或爸爸簡單備餐 。之後天氣炎熱也可做為常備的涼菜，口感爽脆帶點醬油及胡椒香氣，吃起來很清爽，花點功夫做起來，好吃又方便哦！',6,20,9,9,1),(10,'甜椒魚香茄子','2022-04-06','recipe_10','recipe_10_01,recipe_10_02,recipe_10_03,recipe_10_04,recipe_10_05',1,'簡單又下飯有這道菜我能吃兩\r\n有喜歡的媽咪一起試試做哦保正沒令你失望',2,15,10,10,3),(11,'芋香油飯','2022-04-04','recipe_11','recipe_11_01,recipe_11_02,recipe_11_03,recipe_11_04,recipe_11_05,recipe_11_06,recipe_11_07,recipe_11_08,recipe_11_09,recipe_11_10',3,'煮油飯一點都不難只要水量正確用電子鍋一樣煮出美味油飯',5,60,11,11,2),(12,'黃金蔬菜湯','2022-04-02','recipe_12','recipe_12_01,recipe_12_02,recipe_12_03,recipe_12_04',3,'自小媽媽很喜歡用南瓜煮湯，黃金色的湯汁令我印象深刻。\r\n今次能下這樣多南瓜真的很開心~ 口感軟綿綿的但是能吃到很多纖維和營養，煮來當湯喝或用來做煮麵用的湯底也適合！',4,15,12,12,1),(13,'燕麥奶時蔬筆管麵','2022-03-28','recipe_13','recipe_13_01,recipe_13_02,recipe_13_03,recipe_13_04',3,'吸附滿滿燕麥奶精華的筆管麵，口感柔和滑順，搭配紅黃、青椒以及蘑菇等新鮮食材，完美的勾芡比例，每一口都可以吃出健康與滿足，最時尚的義式料理，深深擄獲你的味蕾，快跟著觀音山主廚，一起素食料理簡單做吧！?',1,30,13,13,3),(14,'韓式櫛瓜煎餅','2022-03-22','recipe_14','recipe_14_01,recipe_14_02,recipe_14_03,recipe_14_04,recipe_14_05',1,'近年流行的櫛瓜，雖然吃起來像黃瓜，實際上是一種南瓜。相信有不少粉絲跟它還不熟，因此今天帶來一道五辛素的煎餅',3,30,14,14,4),(15,'日式時蔬咖哩拉麵','2022-02-20','recipe_15','recipe_15_01,recipe_15_02,recipe_15_03,recipe_15_04,recipe_15_05,recipe_15_06',3,'微涼的春天，來一碗熱騰騰的日式時蔬咖哩拉麵，一入口就嚐到濃郁的咖哩香氣，搭配各種新鮮的時蔬，吃出蔬果的天然美味，最適合的春季養生料理，快跟著觀音山主廚，一起素食料理簡單做吧！',1,30,15,15,3),(16,'皮蛋醬拌地瓜葉','2022-02-09','recipe_16','recipe_16_01,recipe_16_02,recipe_16_03,recipe_16_04,recipe_16_05',4,'一直不太喜歡地瓜葉，皮蛋的香氣可蓋過地瓜葉的土味，讓地瓜葉美味升級囉！',3,10,16,16,2),(17,'烤卡門貝爾乳酪蘋果三明治','2021-12-30','recipe_17','recipe_17_01,recipe_17_02,recipe_17_03,recipe_17_04,recipe_17_05,recipe_17_06.recipe_17_07,recipe_17_08,recipe_17_09',3,'柔軟的卡門貝爾看起來很欠吃，可惜單吃～嗯，還真不出怎麼樣（很挑嘴）但如果夾進三明治就能激發它類似奶油的濃郁風味，搭配香甜蜂蜜芥末和蘋果片，以及秘密武器：有點辣辣的芝麻葉，美味組合一不小心就多嗑了一個',1,10,17,17,1);
/*!40000 ALTER TABLE `recipe` ENABLE KEYS */;
UNLOCK TABLES;

--
-- Table structure for table `recipe_ingredients`
--

DROP TABLE IF EXISTS `recipe_ingredients`;
/*!40101 SET @saved_cs_client     = @@character_set_client */;
/*!50503 SET character_set_client = utf8mb4 */;
CREATE TABLE `recipe_ingredients` (
  `sid` int(11) NOT NULL AUTO_INCREMENT,
  `recipe_sid` int(11) NOT NULL,
  `ingredients_name` varchar(255) NOT NULL,
  `quantity` varchar(255) NOT NULL,
  PRIMARY KEY (`sid`)
) ENGINE=InnoDB AUTO_INCREMENT=160 DEFAULT CHARSET=utf8;
/*!40101 SET character_set_client = @saved_cs_client */;

--
-- Dumping data for table `recipe_ingredients`
--

LOCK TABLES `recipe_ingredients` WRITE;
/*!40000 ALTER TABLE `recipe_ingredients` DISABLE KEYS */;
INSERT INTO `recipe_ingredients` VALUES (1,1,'甜豌豆/荷蘭豆','一包'),(2,1,'乾木耳/鮮木耳','3片'),(3,1,'胡蘿蔔','5片'),(4,1,'杏鮑菇','半根'),(5,1,'蒜頭','4瓣'),(6,1,'辣椒','4片'),(7,1,'鹽','適量'),(8,1,'熱水','一米杯'),(9,1,'香菇素蠔油','一茶匙'),(10,1,'香菇粉','少許'),(11,1,'白胡椒粉','少許'),(12,1,'香油','少許'),(13,1,'太白粉','一茶匙'),(14,2,'藜麥飯','2碗'),(15,2,'雞蛋','2顆'),(16,2,'蔥','2支'),(17,2,'洋蔥','一顆'),(18,2,'胡蘿蔔','2大匙'),(19,2,'杏鮑菇','2大匙'),(20,2,'玉米粒/毛豆仁','1大匙'),(21,2,'橄欖油','2+2茶匙'),(22,2,'醬油','2~3茶匙'),(23,2,'鹽','適量'),(24,2,'黑胡椒粉','適量'),(25,2,'砂糖','少許'),(26,2,'香油','少許'),(27,3,'雞蛋','4顆'),(28,3,'紅骨九層塔','一把'),(29,3,'鹽','?茶匙'),(30,3,'白胡椒粉','?茶匙'),(31,4,'雞蛋','5顆'),(32,4,'高麗菜','1把'),(33,4,'紅蘿蔔','1/3根'),(34,4,'小黃瓜','1/3根'),(35,4,'小番茄','4顆'),(36,4,'玉米粒','1大匙'),(37,4,'起司片','1片'),(38,4,'安食小品醬鹽','1小撮'),(39,4,'黑胡椒','隨意'),(40,5,'番茄','1顆'),(41,5,'雞蛋','2顆'),(42,5,'雪白菇','1把'),(43,5,'黑豆油膏','1大匙'),(44,6,'素雞','5條'),(45,6,'香菜','一小把'),(46,6,'蒜末','一匙'),(47,6,'香菇素蠔油','兩匙'),(48,6,'辣豆瓣醬','一匙'),(49,6,'砂糖','一匙'),(50,6,'胡椒鹽','一匙'),(51,6,'香油','一匙'),(52,7,'絲瓜','1條'),(53,7,'白麵線','1撮'),(54,7,'苦茶油','1大匙'),(55,7,'薑','3~4片'),(56,7,'熱水','300ml'),(57,7,'鹽','少許'),(58,7,'香菇粉','少許'),(59,7,'白胡椒粉','少許'),(60,7,'香油','?茶匙'),(61,8,'豆包','6片'),(62,8,'素蠔油','2大匙'),(63,8,'蕃茄醬','1大匙'),(64,8,'烏醋','1/2大匙'),(65,8,'白胡椒粉','1小匙'),(66,8,'熱開水','1/3碗'),(67,8,'蔥花','3大匙'),(68,8,'辣椒','少許'),(69,9,'龍鬚菜','2把'),(70,9,'胡蘿蔔','1小塊'),(71,9,'子薑','1小塊'),(72,9,'淡色醬油','30～45ml'),(73,9,'白胡椒粉','適量'),(74,9,'香油','適量'),(75,10,'彩色甜椒','適量'),(76,10,'茄子','1條'),(77,10,'調汁蠔油','半勺'),(78,10,'香油','半勺'),(79,10,'陳醋','半勺'),(80,10,'蕃茄醬','1勺'),(81,10,'糖','半勺'),(82,10,'水','適量'),(83,10,'甜醬油','半勺'),(84,10,'蒜蓉','兩小粒'),(85,11,'芋頭','600公克'),(86,11,'香菇','100公克'),(87,11,'猴頭菇','100公克'),(88,11,'素火腿','80公克'),(89,11,'紅蘿蔔','80公克'),(90,11,'薑末','20公克'),(91,11,'香菜','少許'),(92,11,'長糯米','七杯'),(93,11,'醬油','兩大匙'),(94,11,'素蠔油','一大匙'),(95,11,'鹽巴','三大匙'),(96,11,'五香粉','一小匙'),(97,11,'白胡椒粉','ㄧ匙'),(98,11,'水','6.5杯'),(99,12,'椰菜','半個'),(100,12,'番茄','2個'),(101,12,'洋?','半個'),(102,12,'冷凍或新鮮南瓜塊','250克'),(103,12,'西芹','1支'),(104,12,'馬鈴薯','1個'),(105,12,'新鮮玉米粒','半飯碗'),(106,12,'甘筍','1條'),(107,12,'生薑','1塊'),(108,12,'煮食油（清淡口味）','少許'),(109,12,'水','500毫升'),(110,13,'燕麥奶','200cc'),(111,13,'紅黃甜椒、青椒、西洋芹','各20克?'),(112,13,'鮮香菇 ?','1朵?'),(113,13,'蘑菇','2朵?'),(114,13,'義大利筆管麵','80克?'),(115,13,'豆腐乳','1塊?'),(116,13,'地瓜粉、水','少許'),(117,13,'砂糖、鹽、黑胡椒粒','適量'),(118,13,'橄欖油、油','適量'),(119,14,'櫛瓜','60g'),(120,14,'胡蘿蔔','40g'),(121,14,'馬鈴薯','100g'),(122,14,'蔥','2根'),(123,14,'青陽辣椒','2條'),(124,14,'香蒜粉','?茶匙'),(125,14,'黑胡椒粉','?茶匙'),(126,14,'鹽','?茶匙'),(127,14,'酥漿粉','3大匙'),(128,14,'中筋麵粉','4大匙'),(129,14,'冰水','7大匙'),(130,14,'醬油','1茶匙'),(131,14,'開水','1茶匙'),(132,14,'白醋','?茶匙'),(133,14,'砂糖','?茶匙'),(134,14,'紅辣椒','適量'),(135,15,'拉麵','1束 ?'),(136,15,'紅蘿蔔','30克'),(137,15,'紅甜椒','30克'),(138,15,'馬鈴薯','50克'),(139,15,'綠花椰','50克'),(140,15,'鮮香菇 （大） ? ?','1朵'),(141,15,'小番茄','3-5顆'),(142,15,'油豆腐','1塊'),(143,15,'水','500c.c'),(144,15,'香菜','適量'),(145,15,'全素咖哩塊','適量'),(146,15,'孜然粉','適量'),(147,16,'皮蛋','2顆'),(148,16,'地瓜葉','1包'),(149,16,'素鬆','適量'),(150,16,'醬油膏','1匙'),(151,16,'糖','1匙'),(152,17,'喜歡的麵包','1人份'),(153,17,'蘋果','1/2顆'),(154,17,'卡門貝爾乳酪','30g'),(155,17,'芝麻葉Rocket','5小株'),(156,17,'鹽','1/2小匙'),(157,17,'蘋果醋','2大匙'),(158,17,'第戎芥末','1大匙'),(159,17,'蜂蜜','1大匙');
/*!40000 ALTER TABLE `recipe_ingredients` ENABLE KEYS */;
UNLOCK TABLES;

--
-- Table structure for table `recipe_step`
--

DROP TABLE IF EXISTS `recipe_step`;
/*!40101 SET @saved_cs_client     = @@character_set_client */;
/*!50503 SET character_set_client = utf8mb4 */;
CREATE TABLE `recipe_step` (
  `sid` int(11) NOT NULL AUTO_INCREMENT,
  `recipe_sid` int(11) NOT NULL,
  `step_number` int(11) NOT NULL,
  `step_introduction` text DEFAULT NULL,
  PRIMARY KEY (`sid`)
) ENGINE=InnoDB AUTO_INCREMENT=99 DEFAULT CHARSET=utf8;
/*!40101 SET character_set_client = @saved_cs_client */;

--
-- Dumping data for table `recipe_step`
--

LOCK TABLES `recipe_step` WRITE;
/*!40000 ALTER TABLE `recipe_step` DISABLE KEYS */;
INSERT INTO `recipe_step` VALUES (1,1,1,'甜豆剝去纖維'),(2,1,2,'木耳泡發後切小塊'),(3,1,3,'胡蘿蔔、杏鮑菇切薄片，太白粉水調勻'),(4,1,4,'熱鍋，蒜頭、胡蘿蔔、杏鮑菇依序爆香'),(5,1,5,'木耳下鍋拌炒'),(6,1,6,'甜豆下鍋拌炒'),(7,1,7,'嗆入熱水、素蠔油，小火燜煮3~5分鐘'),(8,1,8,'下辣椒、鹽、胡椒粉、香菇粉調味，加適量熱水燒開'),(9,1,9,'勾薄芡，撒上香油'),(10,2,1,'蔬菜切丁（另準備燙熟的毛豆或玉米）'),(11,2,2,'蔥切末'),(12,2,3,'2匙橄欖油燒熱，雞蛋炒至半熟'),(13,2,4,'補油，胡蘿蔔、洋蔥、菇類、(三色豆)依序拌炒，以少許鹽、胡椒調味'),(14,2,5,'下藜麥飯，大火翻炒至米粒鬆開，從鍋邊嗆入醬油'),(15,2,6,'炒蛋回鍋'),(16,2,7,'以鹽、糖、胡椒調味，撒上蔥花、香油'),(17,3,1,'九層塔只取嫩葉，加雞蛋、鹽、胡椒打勻，鍋裡倒入稍多的油，燒得很熱後下蛋液，蓋上鍋蓋用小火煎5~7分鐘'),(18,3,2,'等蛋液幾乎都凝固了才翻面，續煎2~3分鐘'),(19,4,1,'蔬菜切丁切絲'),(20,4,2,'丟進烤盤中'),(21,4,3,'鋪上起司'),(22,4,4,'蛋液中加入安食小品醬鹽和黑胡椒粒拌勻後加入烤盤中'),(23,4,5,'200度20分鐘'),(24,4,6,'完成（為了美觀有用剪刀修形狀）'),(25,4,7,'營養好吃'),(26,5,1,'食材準備好，番茄滾刀塊、雞蛋打勻'),(27,5,2,'熱油鍋後先炒蕃茄和雪白菇'),(28,5,3,'加入蛋液'),(29,5,4,'翻炒之後加入安食小品黑豆油膏拌勻'),(30,5,5,'簡單好吃的雪白菇番茄炒蛋上桌??'),(31,6,1,'蒜跟香菜都先切末'),(32,6,2,'素雞川燙'),(33,6,3,'將蒜末跟香菜末跟其他調味料都調勻'),(34,6,4,'燙好的素雞放涼切片'),(35,6,5,'全部攪拌均勻即可'),(36,6,6,'冰一晚會更入味！'),(37,7,1,'熱鍋冷油，以苦茶油煸炒薑片2~3分鐘'),(38,7,2,'加入絲瓜拌炒'),(39,7,3,'加熱水燉煮3~5分鐘，以鹽、香菇粉調味。※麵線本身很鹹，調味時要注意。'),(40,7,4,'加入一小撮麵線，煮軟後撒上胡椒、香油'),(41,8,1,'豆包對切，入油鍋，以中火煎至二面略呈酥皮狀。'),(42,8,2,'所有調味料拌勻'),(43,8,3,'爐火轉中小火，將醬汁酌量(約1/3)倒入步驟1當中，使豆包二面均勻沾裹醬汁後盛盤。'),(44,8,4,'原鍋續倒入剩餘的醬汁、蔥花及辣椒(可略)，以小火煮滾。'),(45,8,5,'在盛盤的豆包淋上蔥花醬汁，料理完成。'),(46,9,1,'將龍鬚菜去除老梗挑揀好清洗乾淨、子薑切絲、胡蘿蔔切絲備用。'),(47,9,2,'於容器中置入子薑絲、淡色醬油30ml備用。*要好翻拌的鍋子或碗公，我是用不銹鋼保鮮盒，蓋上蓋子搖晃即可拌勻食材及醬料，放涼後蓋上蓋子即可冷藏保存，我覺得很方便。'),(48,9,3,'燒熱水，水滾後下龍鬚菜，水再次滾起時約莫再燙1-2分鐘左右，龍鬚菜要起鍋前放入胡蘿蔔絲一起過一下熱水後，將菜撈起瀝乾水分，放入剛剛先放好醬料的容器內。'),(49,9,4,'將龍鬚菜與醬料拌勻後，先試試味道，再依個人喜好添加適量鹽巴或糖。再次拌勻。我用的醬油帶甜味，這裡我補了一小匙鹽。'),(50,9,5,'調整味道至自己喜歡的鹹度，即可放入適量白胡椒粉及香油，拌勻後放涼，即可入冰箱冷藏。'),(51,10,1,'材料洗乾淨準備好'),(52,10,2,'切切切成條'),(53,10,3,'爆香蒜片後放進茄子炒到微軟，加上調味汁和水（水剛到茄子一半就好）蓋上鍋蓋燜5分鐘，中小火'),(54,10,4,'燜好放甜椒進去翻炒，這個時候試下味道，如果合自己就不用加甜醬油了，如果太淡就加入甜醬油翻炒至收計即可'),(55,10,5,'灑上蔥花，開吃'),(56,11,1,'薑切成末其他食材切成小塊備用'),(57,11,2,'起油鍋（一般食用油），油量稍多爆香過程如果會沾鍋，適當加油首先薑末先爆香'),(58,11,3,'接著香菇爆香'),(59,11,4,'紅蘿蔔炒出胡蘿蔔素'),(60,11,5,'火腿跟猴頭菇爆香'),(61,11,6,'芋頭接著下鍋炒'),(62,11,7,'再把洗乾淨的長糯米（免浸泡）記得要把水濾乾下鍋拌炒後，加入醬油嗆鍋'),(63,11,8,'嗆鍋後轉小火倒入水、素蠔油、五香粉、胡椒粉接著調味！調味好再開大火把水收乾'),(64,11,9,'把水收乾成這樣後，關火'),(65,11,10,'把炒好的料，裝進電子鍋裡面注意！不用再加水喔！！然後按照正常程序煮飯'),(66,12,1,'先洗淨所有材料，除玉米粒和生薑，將以上食材切成小塊；生薑略拍碎備用。'),(67,12,2,'煮沸500毫升的水，先放入生薑、椰菜、南瓜、甘筍、西芹及馬鈴薯塊，拌勻後加上蓋子並以中火煮1-2分鐘。'),(68,12,3,'待鍋中蔬菜開始縮小變軟手後，加入番茄、洋?塊和玉米粒，拌勻。加上蓋子並以中火續煮1-2分鐘。'),(69,12,4,'加入少許煮食油，拌勻，加上蓋子繼續以中火多煮5分鐘至全部蔬菜煮熟和變軟即可。可按自己喜好加入少許鹽、黑胡椒碎或香草碎作調味。'),(70,13,1,'取一鍋水煮沸，放入義大利麵煮大約5分鐘，撈起將水份瀝乾，淋上少許橄欖油，放涼備用。'),(71,13,2,'取一平底鍋，放入油將菇類炒香，依序加入西洋芹、紅黃青椒、豆腐乳略炒。'),(72,13,3,'倒入燕麥奶、筆管麵，加入適量糖、鹽、地瓜粉水，勾芡增加濃稠度。'),(73,13,4,'煮滾後加入黑胡椒粒提味，拌勻後即可享用!'),(74,14,1,'櫛瓜(不用削皮)、胡蘿蔔、馬鈴薯以粗孔刨絲刀刨絲，辣椒去籽、切斜片，蔥切段'),(75,14,2,'加鹽、蒜粉、黑胡椒、酥漿粉、中筋麵粉和冰水，用手抓勻。※應該呈現蔬菜裹著薄薄一層麵糊的狀態。'),(76,14,3,'鍋中加略多的油燒熱後，倒入麵糊鋪平(越薄越好)'),(77,14,4,'小火煎至麵糊變透明再翻面'),(78,14,5,'小火煎8~10分鐘至兩面焦脆'),(79,15,1,'【調理作法】?燒一鍋水煮拉麵至8分熟，撈起備用'),(80,15,2,'500cc的冷水放入馬鈴薯，小火煮軟後，加入配菜紅蘿蔔、鮮香菇、綠花椰、紅甜椒，燙熟後夾起備用'),(81,15,3,'製作咖哩湯底:煮洋芋的水，加入咖哩塊'),(82,15,4,'加入孜然粉調味'),(83,15,5,'放入油豆腐煮約5分鐘'),(84,15,6,'取一個大碗將拉麵擺入，倒入咖哩湯底，擺上配菜、小番茄、香菜即可享用！'),(85,16,1,'準備食材們。'),(86,16,2,'皮蛋切碎，與醬油膏、糖拌勻。'),(87,16,3,'地瓜葉去除硬梗，洗淨後川燙或清炒。'),(88,16,4,'燙（炒）熟的地瓜葉盛盤，淋上皮蛋醬。'),(89,16,5,'最後撒上少許素鬆，簡單美味的地瓜葉上桌！'),(90,17,1,'材料如圖。'),(91,17,2,'製作醋漬芝麻葉；芝麻葉先用蘋果醋和鹽抓醃一下。芝麻葉是一種帶有獨特的辛辣感的生菜，美式英文稱Arugula，但我覺得英國人的叫法Rocket（火箭）更傳神。另，市面上有一種「韓國芝麻葉」，比較像紫蘇，和這個是不一樣的東西。'),(92,17,3,'來烤麵包：麵包對切（我這次用小圓法國麵包，你也可以用巧巴達、吐司或其他喜歡的麵包代替），蘋果和卡門貝爾乳酪都切薄片備用。'),(93,17,4,'麵包表面噴點水，放上卡門貝爾乳酪。麵包表面噴點水，放上卡門貝爾乳酪。'),(94,17,5,'用烤箱烤至麵包酥脆、乳酪融化，大概不用五分鐘就好了，其實很快。'),(95,17,6,'手癢玩一下新買的小噴火槍燒的焦焦的更療癒～'),(96,17,7,'接著來做蜂蜜芥末醬：混合蜂蜜和第戎芥末醬。'),(97,17,8,'最後是組裝：麵包依序放上芝麻葉、蘋果片、蜂蜜芥末醬，最後蓋上另一半麵包。'),(98,17,9,'成品圖。');
/*!40000 ALTER TABLE `recipe_step` ENABLE KEYS */;
UNLOCK TABLES;

--
-- Table structure for table `solarterm`
--

DROP TABLE IF EXISTS `solarterm`;
/*!40101 SET @saved_cs_client     = @@character_set_client */;
/*!50503 SET character_set_client = utf8mb4 */;
CREATE TABLE `solarterm` (
  `sid` int(11) NOT NULL AUTO_INCREMENT,
  `solarterm_name` varchar(255) NOT NULL,
  `parent_sid` int(11) NOT NULL,
  `solarterm_img` varchar(255) DEFAULT NULL,
  PRIMARY KEY (`sid`)
) ENGINE=InnoDB AUTO_INCREMENT=29 DEFAULT CHARSET=utf8;
/*!40101 SET character_set_client = @saved_cs_client */;

--
-- Dumping data for table `solarterm`
--

LOCK TABLES `solarterm` WRITE;
/*!40000 ALTER TABLE `solarterm` DISABLE KEYS */;
INSERT INTO `solarterm` VALUES (1,'春',0,NULL),(2,'夏',0,NULL),(3,'秋',0,NULL),(4,'冬',0,NULL),(5,'立春',1,'solarterms_card_0'),(6,'雨水',1,'solarterms_card_1'),(7,'驚蟄',1,'solarterms_card_2'),(8,'春分',1,'solarterms_card_3'),(9,'清明',1,'solarterms_card_4'),(10,'穀雨',1,'solarterms_card_5'),(11,'立夏',2,'solarterms_card_6'),(12,'小滿',2,'solarterms_card_7'),(13,'芒種',2,'solarterms_card_8'),(14,'夏至',2,'solarterms_card_9'),(15,'小暑',2,'solarterms_card_10'),(16,'大暑',2,'solarterms_card_11'),(17,'立秋',3,'solarterms_card_12'),(18,'處暑',3,'solarterms_card_13'),(19,'白露',3,'solarterms_card_14'),(20,'秋分',3,'solarterms_card_15'),(21,'寒露',3,'solarterms_card_16'),(22,'霜降',3,'solarterms_card_17'),(23,'立冬',4,'solarterms_card_18'),(24,'小雪',4,'solarterms_card_19'),(25,'大雪',4,'solarterms_card_20'),(26,'冬至',4,'solarterms_card_21'),(27,'小寒',4,'solarterms_card_22'),(28,'大寒',4,'solarterms_card_23');
/*!40000 ALTER TABLE `solarterm` ENABLE KEYS */;
UNLOCK TABLES;

--
-- Table structure for table `solarterms_recipe`
--

DROP TABLE IF EXISTS `solarterms_recipe`;
/*!40101 SET @saved_cs_client     = @@character_set_client */;
/*!50503 SET character_set_client = utf8mb4 */;
CREATE TABLE `solarterms_recipe` (
  `sid` int(11) NOT NULL AUTO_INCREMENT,
  `date` date DEFAULT NULL,
  `img` varchar(255) DEFAULT NULL,
  `step_img` varchar(255) DEFAULT NULL,
  `recipe_name` varchar(255) NOT NULL,
  `seasons_sid` int(11) NOT NULL,
  `solarterm_sid` int(11) NOT NULL,
  `vegetarian_sid` int(11) NOT NULL,
  `introduction` text NOT NULL,
  `quantity` int(11) NOT NULL,
  `time` int(11) NOT NULL,
  `Ingredients_sid` int(11) NOT NULL,
  `step_sid` int(11) NOT NULL,
  PRIMARY KEY (`sid`)
) ENGINE=InnoDB AUTO_INCREMENT=43 DEFAULT CHARSET=utf8;
/*!40101 SET character_set_client = @saved_cs_client */;

--
-- Dumping data for table `solarterms_recipe`
--

LOCK TABLES `solarterms_recipe` WRITE;
/*!40000 ALTER TABLE `solarterms_recipe` DISABLE KEYS */;
INSERT INTO `solarterms_recipe` VALUES (1,'2018-10-21','solarterms_01','solarterms_01_01,solarterms_01_02,solarterms_01_03,solarterms_01_04,solarterms_01_05,solarterms_01_06,solarterms_01_07,solarterms_01_08','焗烤雙花',1,5,3,'花椰菜豐富的膳食纖維有助於促進腸胃蠕動，促進排便順暢、代謝體內的老廢物質。尤其綠花椰菜是十字花科的蔬菜，有強大的抗氧化成分，含有維生素A、B群、C、E，以及鉀、硒、槲皮素、類胡蘿蔔素、硫代配醣體、蘿蔔硫素等，可以強化視力、預防高血壓、提升免疫力、抗氧化，同時減少胃炎及罹患癌症的機率。\r\n家人或小孩不太敢吃花椰菜嗎？ 可試試這道焗烤雙花～若本來就喜歡吃花椰菜，那就更要試試這道菜....',3,10,1,1),(2,'2020-10-16','solarterms_02','solarterms_02_01,solarterms_02_02,solarterms_02_03,solarterms_02_04,solarterms_02_05,solarterms_02_06,solarterms_02_07','杏鮑菇雪菜炒年糕',1,5,1,'杏鮑菇，有著「素食界牛肉」的超狂稱號，含有高蛋白、低熱量特性，可說是許多健身減肥人士的最愛，編輯個人則超推炸杏鮑菇，完全是人間美味～在多變的料理方式之下都好吃，對素食者來說，杏鮑菇更是模仿雞肉及海鮮的高手。\r\n杏鮑菇的營養價值極為豐富，含有18種胺基酸、多醣體，有護肝、減重、抗癌等許多益處。\r\n滿滿的蔬菜 香Q年糕 餵飽妳的胃！',2,30,2,2),(3,'2022-02-19','solarterms_03','solarterms_03_01,solarterms_03_02,solarterms_03_03,solarterms_03_04,solarterms_03_05,solarterms_03_06,solarterms_03_07,solarterms_03_08,solarterms_03_09','紅糖花生卷',1,5,3,'花生紅糖在一起煮熟吃具有滋補肝腎、補氣補血益腦的功效，是老少皆宜的營養食品。建議：可以適當食用的，特別是女性朋友，可以補腎調理氣血。\r\n古法紅糖配上香濃的花生醬，用另外一種方式吃掉它們。紅糖對於來月經時早上喝上一杯，活血化瘀，女性朋友平時可以備一些。紅糖能做的美食也不少呢。今天來做個花卷，簡單又快速。',3,60,3,3),(4,'2021-08-19','solarterms_04','solarterms_04_01,solarterms_04_02,solarterms_04_03,solarterms_04_04,solarterms_04_05,solarterms_04_06,solarterms_04_07','萵苣蠔油炒香菇',1,6,1,'萵苣又稱為大陸妹，因著清脆爽口的口感受到大家的喜愛。萵苣含有豐富的膳食纖維，能夠促進腸胃的蠕動，改善便祕，並降低罹患大腸癌的風險。另外，萵苣的葉酸含量高，每100公克有19.9微克的葉酸，能幫助體內製造細胞與紅血球，尤其孕婦每日應攝取600微克葉酸，以幫助胎兒神經系統發育。',3,30,4,4),(5,'2018-02-22','solarterms_05','solarterms_05_01,solarterms_05_02,solarterms_05_03,solarterms_05_04,solarterms_05_05','清炒油菜',1,6,3,'油菜的熱量低，營養價值卻很高，其中鈣及維生素Ａ含量比一般蔬菜高很多。台安醫院營養師劉怡里表示，100克油菜的熱量只有14大卡，膳食纖維含量不少，因而可促進腸道蠕動、幫助排便；油菜也是高鈣、高鉀蔬菜，具有維持骨骼健康、降血壓的作用。\r\n油菜的口感有一點微苦，最簡單的做法就是蒜炒油菜，簡簡單單就可以上桌，也可以吃到食材的原味！',3,20,5,5),(6,'2022-03-22','solarterms_06','solarterms_06_01,solarterms_06_02,solarterms_06_03,solarterms_06_04,solarterms_06_05,solarterms_06_06,solarterms_06_07,solarterms_06_08,solarterms_06_09','香菜豆乾',1,6,1,'豆干是豆腐經加壓、烘乾和上色而製得，因其水分含量較豆腐更低，故營養密度會較豆腐高。大體而言， 豆干的營養僅次於黃豆，但高於豆腐和豆漿，故為良好的黃豆加工製品。\r\n可以歸類成一星難度等級的基本款料理，那就是香菜炒豆干！\r\n愛吃豆類製品的，這道菜真的是簡單又好吃啊！',5,15,6,6),(7,'2022-08-14','solarterms_07','solarterms_07_01,solarterms_07_02,solarterms_07_03,solarterms_07_04,solarterms_07_05,solarterms_07_06,solarterms_07_07,solarterms_07_08,solarterms_07_09,solarterms_07_10','紅蘿蔔炒蛋',1,7,2,'胡蘿蔔是一種質脆味美、營養豐富的家常蔬菜。由於胡蘿蔔對人體具有多方面的保健功能，李時珍稱之為「菜蔬之王」。\r\n胡蘿蔔的營養價值在眾多蔬菜中可謂是出類拔萃，素有「小人參」的美譽，降血壓、降血糖、護心臟、提高免疫等很多方面，都有較好的功效。\r\n甜味十足且營養滿分的紅蘿蔔炒蛋~\r\n只要掌握烹飪時的技巧，就可以學會的簡單料理\r\n非常適合新手，趕快來跟著做看看吧！',2,10,7,7),(8,'2021-04-07','solarterms_08','solarterms_08_01,solarterms_08_02,solarterms_08_03,solarterms_08_04,solarterms_08_05,solarterms_08_06','泰式黑木耳蛋白萵苣沙拉',1,7,5,'今天分享的「泰式黑木耳蛋白萵苣沙拉」，其本意在於清冰箱，也就是冰箱內還剩餘哪些食材，就統統拿出來與黑糖口味的黑木耳QQ圓，一同製成營養多元的輕食沙拉。最後只要再搭配市售醬料來增味，立馬完成一道營養豐富的涼爽料理，一口吃下，萵苣的清脆、蛋白丁與乳酪條的咀嚼滋味，再輔以黑木耳QQ圓的Q彈，其獨特層次的口感，輕爽又不油膩、酸甜兼開胃！',3,30,8,8),(9,'2022-08-19','solarterms_09','solarterms_09_01,solarterms_09_02,solarterms_09_03,solarterms_09_04,solarterms_09_05','高麗菜豆腐捲',1,7,2,'豆腐是熱量不高兼蛋白質豐富的食物，適合用來當作減肥食材之一。\r\n豆腐所含的蛋白質可媲美肉類，因此有「田裡的肉類」之美稱，對於素食者來說，豆腐可說是蛋白質的主要來源。\r\n清甜的高麗菜，包上飽滿的豆腐。\r\n多汁可口，爽口好吃。\r\n高麗菜甘甜，配上鮮香的肉餡，口感滋味真的超棒的。\r\n自己在家做，美味又健康。\r\n做法食材簡單，美味料理輕鬆上桌~',6,30,9,9),(10,'2017-09-19','solarterms_10','solarterms_10_01,solarterms_10_02,solarterms_10_03,solarterms_10_04','華爾道夫香蜂草沙拉',3,17,5,'窗外那株雅緻的楓樹赤紅而奪目，躺在街道上的日光踱著躊躇的步伐，戀戀不捨地沒入山的稜線，時序來到初秋，大啖蘋果與西芹正對時，秋天也是核桃果實熟成的季節，將香甜爽脆的蘋果與香氣正濃的西芹簡單裹上優格美奶滋，撒上核桃與香草，一道充滿秋天氣息的華爾道夫蔬果沙拉就完成了。帶著檸檬清香的香蜂草與蘋果十分對味，能讓拌入美奶滋的沙拉更加清爽不膩口。在秋意漸濃，蒼風颯爽的季節更迭中，細細品嚐生活的酸甜滋味。',1,15,10,10),(11,'2017-07-26','solarterms_11','solarterms_11_01,solarterms_11_02,solarterms_11_03,solarterms_11_04,solarterms_11_05','椰奶芒果冰盒糕',3,17,3,'夏天…就是要吃芒果的季節，\n趕快出手來做簡單又健康的椰奶芒果冰盒糕，冰冰涼涼過一夏！',1,30,11,11),(12,'2019-10-21','solarterms_12','solarterms_12_01,solarterms_12_02,solarterms_12_03,solarterms_12_04,solarterms_12_05,solarterms_12_06,solarterms_12_07,solarterms_12_08','千張花型烤布丁',3,17,5,'用千張來取代國外的Filo麵皮，糖粉改用赤藻糖醇，就變成低醣烤布丁甜點囉～',4,45,12,12),(13,'2019-12-14','solarterms_13','solarterms_13_01,solarterms_13_02,solarterms_13_03,solarterms_13_04,solarterms_13_05,solarterms_13_06,solarterms_13_07','香菜豆皮捲',1,8,3,'香菜含有黃酮類、烯類、酯類等不少植化素，有助人體抗氧化、對抗自由基，對於防癌、預防老化等都相當有幫助，且能夠強化肝臟功能，提升體內排毒。\r\n一般民眾到宜蘭遊玩時，在當地的小吃店中常見到香菜捲這道小菜。這是一道由腐皮包裹內餡的涼拌小菜，一般大多是包裹香菜和豆芽菜，所以這道小菜又被稱為香菜腐皮捲，或是有人稱為香菜豆皮捲',4,15,13,13),(14,'2016-05-11','solarterms_14','solarterms_14_01,solarterms_14_02,solarterms_14_03,solarterms_14_04,solarterms_14_05,solarterms_14_06,solarterms_14_07,solarterms_14_08,solarterms_14_09,solarterms_14_10','春筍鮮蔬炊飯',1,8,3,'春筍含有豐富的植物蛋白，以及鈣、磷、鐵等人體必需的營養成分，特別是纖維素含量很高，常吃有助消化、防止便祕的功能。多種維生素和胡蘿蔔素含量比大白菜含量高1倍多。\r\n春筍的蛋白質中含有多種人體所需要的必需胺基酸，是優良的保健蔬菜。中醫認為春筍有「利九竅、通血脈、化痰涎、消食脹」的功效，研究還發現，竹筍能吸附脂肪、促進食物發酵、有助消化和新陳代謝，可幫助體重控制。\r\n春夏天是筍子盛產的季節，現在市場上又常見鮮採筍子的蹤跡。愛筍者如我，當然不能錯過現在的綠竹筍。\r\n滿滿的蔬菜，豐富的配色，很能撩動食慾。用煮筍子的水當高湯來煮飯，煮的當下滿室生竹筍香~',4,45,14,14),(15,'2019-06-27','solarterms_15','solarterms_15_01,solarterms_15_02,solarterms_15_03','涼拌黃豆芽',1,8,1,'豆芽是大豆經加工處理發出的嫩芽，是一種營養豐富的蔬菜。當今世界“天然”、“健康”食物引領風騷者之一，乃是源自我國的豆芽菜，特別是金燦燦的“如意菜”----黃豆芽。黃豆芽味甘、性涼，入脾、大腸經﹔黃豆芽具有清熱利濕、消腫除痺、祛黑痣、治疣贅、潤肌膚的功效。對脾胃濕熱、大便秘結、尋常疣、高血脂有食療作用。\r\n黃豆芽富含蛋白質與維生素C，有助於提升人體免疫力，增加血液循環，不僅能修復肝機能的功用，還富含鉀，能夠降低膽固醇預防高血壓。\r\n簡單高纖涼拌菜~涼拌豆芽菜!',3,15,15,15),(16,'2022-05-17','solarterms_16','solarterms_16_01,solarterms_16_02,solarterms_16_03,solarterms_16_04,solarterms_16_05,solarterms_16_06,solarterms_16_07,solarterms_16_08','菠菜炒香菇',1,9,1,'菠菜有助防失智、助記憶、抗氧化！菠菜富含抗氧化物質，例如穀胱甘?，效果比多酚還要好，同時可消解β類澱粉蛋白產生的毒性；一項動物實驗中從小吃菠菜的動物就算老了，記憶力與學習力還是很高，還能讓已有記憶障礙的動物病情轉好。不僅熱量低，也富含鉀，有助排鈉消腫；富含鐵質也可改善缺鐵性貧血。\r\n營養滿分的菠菜炒香菇，料理起來也是非常的簡單唷。',3,10,16,16),(17,'2019-07-05','solarterms_17','solarterms_17_01,solarterms_17_02,solarterms_17_03,solarterms_17_04,solarterms_17_05','涼拌百香果青木瓜',1,9,1,'青木瓜，營養保健，口感香醇，細膩清新，具有潤膚養顏、美白肌膚，抗老化的神奇作用。\r\n酸甜誘人的百香果撞上清脆可口的青木瓜，兩者會迸出怎樣的熱烈火花呢？即使是當成冰箱常備菜也 OK 唷！',4,15,17,17),(18,'2021-06-08','solarterms_18','solarterms_18_01,solarterms_18_02,solarterms_18_03,solarterms_18_04,solarterms_18_05,solarterms_18_06,solarterms_18_07,solarterms_18_08,solarterms_18_09,solarterms_18_10,solarterms_18_11','桑椹玫瑰饅頭',1,9,3,'桑椹又名「桑果」，營養非常豐富，尤其富含花青素、維生素A、β蘿蔔素、菸鹼酸等植化素，抗氧化力很強，具有提升人體免疫力、防癌、抗衰老、抗發炎、防止記憶力退化、增加血管彈性、美容養顏、預防泌尿道感染、護眼等功效。\r\n家裡有桑椹汁，除了直接喝，也可用來做水果風味饅頭。桑椹護眼、抗氧化，含有花青素、維生素A、C、E等，是抗疫又增強免疫力的食物。在家玩麵團，做出天然色澤的紫玫瑰饅頭，吸睛又營養，增添餐桌浪漫！',4,60,18,18),(19,'2021-02-18','solarterms_19','solarterms_19_01,solarterms_19_02,solarterms_19_03,solarterms_19_04,solarterms_19_05,solarterms_19_06','素什錦',3,18,3,'年節期間大魚大肉，年後來道清爽的素什錦讓身體平衡一下',5,10,19,19),(20,'2018-10-28','solarterms_20','solarterms_20_01,solarterms_20_02,solarterms_20_03','大根菇蔬清香麵',3,18,3,'漸漸進入大根的季節了，白蘿蔔是平民的人蔘，營養價值高，當季更是鮮甜，加上菇類和時蔬，滾一束麵條，真是一份韻味濃醇的養食啊！',1,30,20,20),(21,'2018-08-22','solarterms_21','solarterms_21_01,solarterms_21_02,solarterms_21_03,solarterms_21_04,solarterms_21_05,solarterms_21_06,solarterms_21_07','清炒金針花',3,18,3,'金針花又稱黃花菜，富含蛋白質、醣類、胡蘿蔔素、維生素A、B1、B2、菸鹼酸、鈣、磷、鐵等成份，具補血、助眠、利尿等作用，是觀賞與營養價值兼具的蔬菜。清炒金針花，這是金針花的季節，市面上不管超市或傳統市場，金針花這種食材也陸續出現囉。因為本身就是取花苞部分來吃，所以本身不需要特別調味就相當清甜，好吃極了',2,10,21,21),(22,'2022-04-15','solarterms_22','solarterms_22_01,solarterms_22_02,solarterms_22_03,solarterms_22_04,solarterms_22_05','莧菜豆腐羹',1,10,1,'莧菜的主要營養成分有蛋白質、胡蘿葡素、鐵、鈣、鋅、維生素C及膳食纖維等，是很好的食療蔬菜。 莧菜的鐵、鈣的含量高於菠菜，不但補血，而且不含草酸很容易吸收，對牙齒和骨骼的生長都有幫助，適合老人、小孩或貧血、骨折修復者食用。\r\n想吃清淡時試試這道營養豐富的莧菜羹，有新鮮香菇的話更美味！',4,20,22,22),(23,'2021-07-30','solarterms_23','solarterms_23_01,solarterms_23_02,solarterms_23_03,solarterms_23_04,solarterms_23_05,solarterms_23_06,solarterms_23_07,solarterms_23_08,solarterms_23_09,solarterms_23_10','綠豆薏仁湯',1,10,3,'薏仁享有「世界禾本科植物之王」、「生命健康之禾」美譽。薏仁又名薏米、薏苡仁、苡仁，其味甘、淡，性微寒，具有利消水腫、健脾去濕、舒筋除痺、清熱排膿的功能，可利水滲濕、美容肌膚等功效。\r\n綠豆湯中也常見薏仁做搭配，這食材也是胡心瀕醫師相當推薦喝綠豆湯時可加入的佐料，不僅提升、豐富口感，薏仁也是屬性偏涼的一種食材，且最主要的特點就是利濕，和綠豆湯加在一起，不僅消暑，也有助排除體內的濕氣，保護脾胃的效果也會更好，也有助避免拉肚子。除了薏仁以外，也可以放進具有助健脾的蓮子等食材。',5,45,23,23),(24,'2022-06-19','solarterms_24','solarterms_24_01,solarterms_24_02,solarterms_24_03,solarterms_24_04,solarterms_24_05,solarterms_24_06','佛手瓜炒蛋',1,10,2,'佛手瓜熱量低，可以當水果生吃，口感類似小黃瓜，十分清脆，且佛手瓜也是高鉀低鈉的蔬菜，因此可當作降低血壓的食材。 佛手瓜分為兩個品種，分別是白色外皮和綠色外皮，白色外皮雖然較少見，但肉質比較細緻，適合生吃；綠色外皮則是現在主要栽培的品種，適合清炒或是煮湯。\r\n佛手瓜性味甘、性涼，主要功效為理氣和中、疏肝解鬱、去風解熱，健脾開胃。\r\n佛手瓜口感清脆，雞蛋鮮美可口，完美的組合。',2,10,24,24),(25,'2021-10-10','solarterms_25','solarterms_25_01,solarterms_25_02,solarterms_25_03','山藥小米粥',4,23,3,'吃起來口感黏滑的山藥，營養價值相當高，富含蛋白質、膳食纖維、維生素B群等營養成分，更是高鉀食材，尤其特別含有「麩胺酸」及「薯皂?」成分，具有顧胃、降三高、助消化、提升免疫力、抗老化、減肥等功效。\r\n簡單的養胃計畫，每天早上用溫熱的山藥小米粥溫柔的喚醒它??追求養胃所以沒有加任何調味料，胃沒那麼爛的朋友可以加入一匙白糖！婦科不好的女性就不建議吃太多山藥！',4,20,25,25),(26,'2022-08-08','solarterms_26','solarterms_26_01,solarterms_26_02','涼拌銀耳',4,23,3,'白木耳，又稱為銀耳、雪耳，富含蛋白質、多種胺基酸、膳食纖維、維生素與礦物質等。 白木耳中含有多醣成分、植物膠質（亦有植物性類膠原蛋白之稱）等，具有抗氧化、增強抵抗力的作用，有助養顏美容、潤肺生津，亦有「菌中之冠」的美名。\r\n一般白木耳都是拿來煮紅棗蓮子?耳湯，非常養生潤肺，但偶爾也可以拿來做成涼拌小菜，冰冰涼涼酸酸甜甜脆脆的，非常開胃，適合在炎熱的夏季享用喔。也可以加入泡發的雲耳，那就變黑白雙脆了??',4,30,26,26),(27,'2022-03-09','solarterms_27','solarterms_27_01,solarterms_27_02,solarterms_27_03,solarterms_27_04,solarterms_27_05,solarterms_27_06','草莓凍果子露Sherbet',4,23,4,'草莓有很強的抗氧化力，營養價值相當高，因此被視為美白保濕、提升免疫力的水果聖品，有「水果皇后」的美譽。\r\nSherbet是一種軟飲，是介於霜淇淋和果汁之間的甜品。\r\n『Sherbet』浪漫的譯名作“果子露”，有著冰糕般的含義，在阿拉伯語中是“飲料”的意思。\r\nSherbet通常由水果、花瓣或其他草本製成，再加入糖和酸果汁形成糖漿，再加入水或乳製品去稀釋。',2,30,27,27),(28,'2020-11-16','solarterms_28','solarterms_28_01,solarterms_28_02,solarterms_28_03,solarterms_28_04,solarterms_28_05','栗子藜麥飯',4,24,3,'栗子的營養成分豐富，不但脂肪少，澱粉、膳食纖維含量高，還有鈣、磷、鐵、鉀等礦物質，同時含有豐富的葉酸，有助於蛋白質合成、代謝，對組織生長很重要。功效還能：1.顧腸胃能養胃健脾、2.補腎、3.還能強筋活血止血、幫助小孩骨骼發育、味甘平 4.富含膳食纖維。5.變身糖炒栗子營養也很多！不過栗子屬於堅果種子類食物，熱量不低，每100公克就有264大卡，因此要小心不要攝取太多，建議可以和主食替換食用。\r\n栗子藜麥炊飯非常簡單又快速，而且只要有材料就能完成。栗子的鬆香綿密配上藜麥的Ｑ彈潤口感，簡單好吃小朋友愛，營養也滿分喔！！',2,120,28,28),(29,'2022-05-03','solarterms_29','solarterms_29_01,solarterms_29_02,solarterms_29_03,solarterms_29_04,solarterms_29_05,solarterms_29_06,solarterms_29_07,solarterms_29_08,solarterms_29_09,solarterms_29_10','芹菜炒豆干',4,24,1,'芹菜含有眾多營養價值，包括維生素A、C、β胡蘿蔔素、膳食纖維，以及鉀、鐵、鈣等多種礦物質。 芹菜屬於高鉀、高纖維食材，具有降血壓、助排便的功效；但需要限鉀的腎臟病患不適合多吃。 根據研究發現，芹菜中含有「芹菜素」成分，有助於消除體內自由基，可提升免疫力，具抗癌之效。\r\n先把芹菜炒出香氣後才下蒜末爆香，然後豆干再丟進鍋內炒熱就準備上菜嘍。',3,10,29,29),(30,'2013-11-06','solarterms_30','solarterms_30_01,solarterms_30_02,solarterms_30_03,solarterms_30_04,solarterms_30_05,solarterms_30_06,solarterms_30_07','洛神花白玉苦瓜',4,24,3,'洛神富含維生素A、B、C、鎂、鐵、鈣等多種營養成分，且洛神也含有豐富的花青素、兒茶酸、類黃酮素等抗氧化成分，可以幫助身體抗發炎，亦為眼睛保健的重要成份之一，且有助於促進體內膽固醇代謝，達到降血脂、改善三酸甘油酯的作用。\r\n迷人粉紫色的洛神花蜜餞配上似白玉ㄧ般透亮的苦瓜,冰鎮過後的沁心涼爽口感非常爽脆,這酸酸甜甜的滋味真是美妙!!\r\n為了等苦瓜入味~可是足足的等了兩天,但等待真的是值得的!無須多樣食材不需高超的烹飪技巧~僅需等待。這麼簡單一起動手做做看囉~',3,30,30,30),(31,'2015-03-13','solarterms_31','solarterms_31_01,solarterms_31_02,solarterms_31_03,solarterms_31_04,solarterms_31_05,solarterms_31_06,solarterms_31_07','什蔬烤蛋',3,19,1,'異國小酒館很常出現的一道開胃前菜，做法簡單，還利用了蛋和容易搭配食材的特性，一次就能吃到多種新鮮蔬果，今天示範的什蔬烤蛋不僅口感和味道上十分豐富，配料還可以依照個人的喜好隨意增減變化，您一定要試試看。\r\n',3,30,31,31),(32,'2013-10-13','solarterms_32','solarterms_32_01,solarterms_32_02,solarterms_32_03,solarterms_32_04,solarterms_32_05,solarterms_32_06','洋蔥蠔油燒豆腐',3,19,1,'帶點焦香金黃的豆腐，因燒煮的時間不長，仍保有豆腐的原來的味道，跟吸附蠔油醬汁、略鹹的洋蔥、蘑菇一起，拌在熱騰騰的白飯上，香氣誘人好開胃。二十分鐘就能完成，無肉卻也下飯無比!',4,20,32,32),(33,'2019-05-24','solarterms_33','solarterms_33_01,solarterms_33_02,solarterms_33_03,solarterms_33_04,solarterms_33_05','奶油蘑菇燉飯',3,19,1,'簡易奶油蘑菇燉飯~一鍋到底簡單上菜!',1,15,33,33),(34,'2015-09-22','solarterms_34','solarterms_34_01,solarterms_34_02,solarterms_34_03,solarterms_34_04,solarterms_34_05,solarterms_34_06','南瓜燒豆腐',3,20,1,'簡單快速又下飯，南瓜的甜加上吸滿湯汁的豆腐，大人小孩都喜歡，重點是15分鐘快速上菜。',1,15,34,34),(35,'2012-11-27','solarterms_35','solarterms_35_01,solarterms_35_02,solarterms_35_03,solarterms_35_04,solarterms_35_05,solarterms_35_06,solarterms_35_07,solarterms_35_08,solarterms_35_09,solarterms_35_10','南瓜時蔬鮮菇燉食穀米飯',3,20,1,'今天天氣冷颼颼...即使回到家還是冷到發抖，早上買了南瓜及各類香菇，想來做個暖呼呼的燉飯~\r\n想起了前陣子與因料理而相知相識的好友~小吟相見歡，還送了最棒最健康的伴手禮-食穀米給Q媽，當然要拿出來做個暖暖心田的健康燉粥囉!',1,30,35,35),(36,'2016-05-11','solarterms_36','solarterms_36_01,solarterms_36_02,solarterms_36_03,solarterms_36_04,solarterms_36_05,solarterms_36_06','南瓜乳酪蛋糕',3,20,5,'失敗率低，手忙腳亂也能完成的美味甜點！',1,45,36,36),(37,'2019-03-13','solarterms_37','solarterms_37_01,solarterms_37_02,solarterms_37_03,solarterms_37_04','醬燒豆包炒時蔬',3,21,3,'濃郁醬汁配上十足的嚼勁，令人忍不住一口接著一口的吃。滿足！',2,30,37,37),(38,'2017-09-13','solarterms_38','solarterms_38_01,solarterms_38_02,solarterms_38_03,solarterms_38_04','核桃酥餅',3,21,5,'傳統中式餅乾－核桃酥餅，金黃香脆，充滿核桃香，美味可口。核桃營養價值豐富，健康又美味！\r\n做法非常簡單，做一大盤，大滿足！',6,45,38,38),(39,'2019-01-30','solarterms_39','solarterms_39_01,solarterms_39_02,solarterms_39_03,solarterms_39_04,solarterms_39_05,solarterms_39_06','雪Q餅',3,21,5,'只需要簡單的幾個步驟，香酥Q軟的雪Q餅就輕鬆完成，多層次的口感，讓人一口接著一口停不下來！',4,45,39,39),(40,'2014-09-19','solarterms_40','solarterms_40_01,solarterms_40_02,solarterms_40_03,solarterms_40_04','茄汁三色四季豆',3,22,3,'當媽媽的總是常常煩惱,孩子不愛蔬菜怎麼辦~\r\n沒關係只要炒菜過程中增添這一味~好吃的番茄醬\r\n相信今天一定吃光光!!拿來拌飯也很搭喔',4,5,40,40),(41,'2017-02-20','solarterms_41','solarterms_41_01,solarterms_41_02,solarterms_41_03,solarterms_41_04,solarterms_41_05,solarterms_41_06,solarterms_41_07,solarterms_41_08','鐵板豆腐',3,22,1,'熱炒店必點的鐵板豆腐，在家也可以輕鬆做，豆腐要煎的漂亮，千萬急不得，輕輕滑動鍋子使均勻上色，等豆腐含豐富的營養價值，植物性蛋白更易人體吸收，一鍋到底方便快速上桌',2,15,41,41),(42,'2018-07-10','solarterms_42','solarterms_42_01,solarterms_42_02,solarterms_42_03,solarterms_42_04,solarterms_42_05,solarterms_42_06,solarterms_42_07,solarterms_42_08','紅燒豆腐',3,22,1,'豆腐含水分多, 如何讓豆腐可吸取飽滿的醬汁, 關鍵在於先泡溫水, 再下去炸過或煎過至兩面金黃, 呈現老皮嫩肉即可容易用紅燒方式吸取醬汁. 這是道家常菜,如何燒得好, 讓家人吃得飽足, 也是一道省荷包的好方法.',4,45,42,42);
/*!40000 ALTER TABLE `solarterms_recipe` ENABLE KEYS */;
UNLOCK TABLES;

--
-- Table structure for table `solarterms_recipe_ingredients`
--

DROP TABLE IF EXISTS `solarterms_recipe_ingredients`;
/*!40101 SET @saved_cs_client     = @@character_set_client */;
/*!50503 SET character_set_client = utf8mb4 */;
CREATE TABLE `solarterms_recipe_ingredients` (
  `sid` int(11) NOT NULL AUTO_INCREMENT,
  `recipe_sid` int(11) NOT NULL,
  `ingredients_name` varchar(255) NOT NULL,
  `quantity` varchar(255) NOT NULL,
  PRIMARY KEY (`sid`)
) ENGINE=InnoDB AUTO_INCREMENT=303 DEFAULT CHARSET=utf8;
/*!40101 SET character_set_client = @saved_cs_client */;

--
-- Dumping data for table `solarterms_recipe_ingredients`
--

LOCK TABLES `solarterms_recipe_ingredients` WRITE;
/*!40000 ALTER TABLE `solarterms_recipe_ingredients` DISABLE KEYS */;
INSERT INTO `solarterms_recipe_ingredients` VALUES (1,1,'青花椰菜','1顆'),(2,1,'白花椰菜','半顆'),(3,1,'香蒜粒','適量'),(4,1,'雙色焗烤乳酪絲','適量'),(5,1,'海鹽','適量'),(6,1,'橄欖油','適量'),(7,1,'蘿勒葉','適量'),(8,2,'年糕','1包'),(9,2,'白菜','半份'),(10,2,'雪菜','適量'),(11,2,'豆干','適量'),(12,2,'洋蔥','1/4顆'),(13,2,'紅蘿蔔','1/8根'),(14,2,'杏鮑菇','4根'),(15,2,'鮑魚菇','2朵'),(16,2,'蛋液','2顆'),(17,2,'醬油','1大匙'),(18,2,'味霖','少許'),(19,2,'白胡椒','適量'),(20,2,'烏醋','適量'),(21,2,'香油','適量'),(22,3,'紅糖','45g'),(23,3,'烤焗花生碎','30g'),(24,3,'中筋麵粉','200g'),(25,3,'水','100g'),(26,3,'酵母','2g'),(27,4,'萵苣','適量'),(28,4,'香菇','6朵'),(29,4,'蒜頭','3瓣'),(30,4,'蠔油','1-2大匙'),(31,4,'鰹魚粉(內附的湯匙)','1小茶匙'),(32,4,'鹽（可不加）','適量'),(33,5,'油菜','1把'),(34,5,'薑','適量'),(35,5,'鹽','適量'),(36,6,'五香豆乾','8片'),(37,6,'蒜末','適量'),(38,6,'香菜','一小把'),(39,7,'紅蘿蔔','150克'),(40,7,'雞蛋','2顆'),(41,7,'蔥','適量'),(42,7,'油','2大匙(30ml)'),(43,7,'鹽巴','1/4小匙'),(44,8,'黑木耳QQ圓(黑糖口味)','1杯'),(45,8,'萵苣','1/2顆'),(46,8,'蛋白丁','1包'),(47,8,'乳酪條','1條'),(48,8,'泰式甜雞醬','適量'),(49,8,'七味粉','適量'),(50,9,'板豆腐／硬豆腐','200克'),(51,9,'紅蘿蔔丁','30克'),(52,9,'鴻禧菇','25克'),(53,9,'雞肉絲','40克'),(54,9,'毛豆仁','25克'),(55,9,'香菇粉','1小匙'),(56,9,'醬油露','1小匙'),(57,9,'醬油蠔油','1大匙'),(58,9,'胡椒','1小匙'),(59,9,'雞蛋','1顆'),(60,10,'蘋果（切塊）','2顆'),(61,10,'西芹（切塊）','100g'),(62,10,'葡萄乾','50g'),(63,10,'檸檬香蜂草（切碎）','1大匙'),(64,10,'核桃','50g'),(65,10,'沙拉醬（蛋黃醬）','50g'),(66,10,'原味優格','50g'),(67,10,'鹽','少許'),(68,10,'胡椒','少許'),(69,10,'美生菜','3-4片'),(70,11,'芒果','一顆（約手掌大）'),(71,11,'鮮奶油','300g'),(72,11,'椰奶','100g'),(73,11,'消化餅','適量'),(74,11,'椰粉','適量（裝飾用）'),(75,11,'檸檬皮','適量（裝飾用）'),(76,12,'千張豆皮','3張'),(77,12,'融化奶油','適量'),(78,12,'糖粉或赤藻糖醇','裝飾用'),(79,12,'布丁液','80ml'),(80,12,'雞蛋','1顆'),(81,12,'鮮奶油','80ml'),(82,12,'鮮奶','100ml'),(83,12,'糖粉或赤藻糖醇','1大匙'),(84,12,'柳橙皮或黃檸檬片-提味用','數片'),(85,13,'生豆皮','4片'),(86,13,'香菜','40g'),(87,13,'玉米粉','少許'),(88,13,'白胡椒塩','適量'),(89,14,'綠竹筍','2支'),(90,14,'毛豆','約半飯碗'),(91,14,'鴻喜菇','1包'),(92,14,'小支紅蘿蔔','1支'),(93,14,'白米','1杯'),(94,14,'糙米','半杯'),(95,14,'蠔油(或是香菇素蠔油)','1大匙'),(96,15,'黃豆芽菜','200g'),(97,15,'青蔥','1根(15g)'),(98,15,'紅蘿蔔','1/4條(60g)'),(99,15,'蒜頭','2顆(10g)'),(100,15,'白芝麻粒','1大匙'),(101,15,'鹽巴','1小匙'),(102,15,'砂糖','1小匙'),(103,15,'香油','1/2大匙'),(104,16,'菠菜','1把(約250g)'),(105,16,'香菇','3朵(約45g)'),(106,16,'食用油','15毫升(ml)'),(107,16,'蒜頭','2瓣'),(108,16,'鹽','2公克'),(109,16,'清水','50毫升(ml)'),(110,17,'青木瓜','1顆'),(111,17,'百香果','6顆'),(112,17,'檸檬','1顆'),(113,17,'白糖','2大匙'),(114,17,'塩','1大茶匙'),(115,18,'桑椹汁','140 cc'),(116,18,'中筋麵粉','300 g'),(117,18,'酵母粉','4 g'),(118,18,'糖 (可斟酌使用）','30 g'),(119,19,'黃豆芽','黃豆芽'),(120,19,'紅蘿蔔','紅蘿蔔'),(121,19,'黑木耳','黑木耳'),(122,19,'芹菜','芹菜'),(123,19,'乾香菇','乾香菇'),(124,19,'金針花','金針花'),(125,19,'炸豆包','炸豆包'),(126,19,'鹽','鹽'),(127,19,'白胡椒粉','白胡椒粉'),(128,19,'香油','香油'),(129,20,'大根（白蘿蔔）','2支'),(130,20,'杏鮑菇','數支'),(131,20,'紅肉地瓜或南瓜','100克'),(132,20,'新鮮金針花','50客'),(133,20,'純素昆布粉','少許'),(134,20,'麵條','一人份'),(135,20,'時令葉菜（小白菜或豆芽）','酌量'),(136,20,'素腸或素雞等','酌量'),(137,20,'素沙茶','少許'),(138,20,'辣椒醬','依個人喜好'),(139,20,'芹菜、酸菜、香菜','自由添加'),(140,21,'新鮮金針花','180g'),(141,21,'薑絲','適量'),(142,21,'麻油','1大匙半'),(143,21,'鹽','適量'),(144,21,'昆布粉','適量'),(145,21,'水','適量'),(146,22,'蒜頭','4瓣'),(147,22,'鮮香菇','4朵'),(148,22,'胡蘿蔔','4片'),(149,22,'板豆腐','1塊'),(150,22,'莧菜','1把'),(151,22,'熱水','600ml'),(152,22,'太白粉/玉米粉','1茶匙'),(153,22,'鹽','適量'),(154,22,'香菇粉','少許'),(155,22,'白胡椒粉','少許'),(156,22,'香油','1茶匙'),(157,23,'綠豆','100克'),(158,23,'小薏仁','50克'),(159,23,'水','1200克'),(160,23,'冰糖','150克'),(161,24,'佛手瓜','0.5顆'),(162,24,'雞蛋','2顆'),(163,24,'鹽巴','1小撮'),(164,25,'小米','1杯'),(165,25,'清水','6杯'),(166,25,'山藥','1/3根'),(167,26,'白木耳','1朵'),(168,26,'小黃瓜','2根'),(169,26,'紅蘿蔔','1/3根'),(170,26,'子薑','5公分'),(171,26,'蠔油','2大匙'),(172,26,'糯米醋','2大匙'),(173,26,'香油','1大匙'),(174,26,'糖','2大匙'),(175,27,'草莓','250g'),(176,27,'山楂果汁或新鮮檸檬汁或酸橙汁','1大勺（15ml）'),(177,27,'零卡糖','2大勺（30g）'),(178,27,'冰的全脂牛奶','120g'),(179,28,'紅藜麥','8公克'),(180,28,'去殼栗子','30公克'),(181,28,'壽司米','70公克'),(182,28,'水','150公克'),(183,28,'橄欖油','6公克'),(184,29,'芹菜','1把(約200g)'),(185,29,'豆干','7片(約330g)'),(186,29,'食用油','15毫升(ml)'),(187,29,'蒜頭','2瓣'),(188,29,'鹽','2公克'),(189,29,'水','50毫升(ml)'),(190,29,'胡椒','少許'),(191,29,'辣椒','1根'),(192,30,'白苦瓜','一條'),(193,30,'洛神花蜜餞','十朵'),(194,30,'白開水','ㄧ杯'),(195,30,'鹽巴','些許'),(196,31,'雞蛋','5個'),(197,31,'洋蔥','半顆'),(198,31,'小番茄','15個'),(199,31,'蘑菇','5個'),(200,31,'青花椰菜','7小朵'),(201,31,'大蒜','1瓣'),(202,31,'牛奶','75ml'),(203,32,'老豆腐','1盒'),(204,32,'洋蔥','半顆'),(205,32,'蘑菇','4朵'),(206,32,'紅蘿蔔','1/2條'),(207,32,'蒜頭','2瓣(切末)'),(208,32,'米酒','1大匙'),(209,33,'白米','200g'),(210,33,'洋蔥','1/2顆'),(211,33,'蒜頭','6顆'),(212,33,'花椰菜','60g'),(213,33,'紅蘿蔔','60g'),(214,33,'蘑菇','80g (8顆)'),(215,33,'無鹽奶油','15g'),(216,33,'水','350g'),(217,33,'鮮奶','150g'),(218,33,'鹽','1小匙'),(219,33,'黑胡椒粒','適量'),(220,33,'義式香料','適量'),(221,33,'披薩用起司絲','60g'),(222,34,'半顆小南瓜','約200g'),(223,34,'板豆腐','1塊'),(224,34,'蔥','1支'),(225,34,'醬汁','拌勻即可'),(226,34,'醬油','2大匙'),(227,34,'醬油膏','1中匙'),(228,34,'味霖','1大匙'),(229,34,'砂糖','1小匙'),(230,35,'食穀米','1量杯'),(231,35,'南瓜','1/8顆'),(232,35,'滿天星菇','少許'),(233,35,'秀珍菇','少許'),(234,35,'鮮香菇','1朵'),(235,35,'綠花椰','數朵'),(236,35,'豌豆夾','數片'),(237,35,'紅羅蔔','1小段'),(238,35,'牛奶洋蔥','1/5顆'),(239,35,'牛奶','適量'),(240,35,'起司球','2顆'),(241,35,'玫瑰鹽','適量'),(242,35,'磨研式七彩胡椒粒','適量'),(243,36,'熟南瓜泥','120g'),(244,36,'糖粉','40g'),(245,36,'蛋','1顆'),(246,36,'奶油乳酪','200g'),(247,36,'十榖餅乾','10片'),(248,36,'無鹽奶油','35g'),(249,37,'海帶條','1手掌大小'),(250,37,'乾香菇','5朵'),(251,37,'豆包','1手掌大小'),(252,37,'薑','適量'),(253,37,'素蠔油','1匙'),(254,37,'油','適量'),(255,37,'鹽','適量'),(256,37,'白胡椒','適量'),(257,38,'無鹽奶油','100克'),(258,38,'糖','90克'),(259,38,'中筋麵粉','220克'),(260,38,'蘇打粉','1/2小匙'),(261,38,'泡打粉','1/4小匙'),(262,38,'雞蛋','1個'),(263,38,'核桃碎','80克'),(264,38,'牛奶','1-2大匙'),(265,39,'核桃','60克'),(266,39,'無鹽奶油','90克'),(267,39,'棉花糖','270克'),(268,39,'奶粉','75克'),(269,39,'蔓越梅','75克'),(270,39,'奇福餅乾','300克'),(271,40,'四季豆','1把'),(272,40,'香菇','5朵'),(273,40,'紅椒','半顆'),(274,40,'玉米','1碗'),(275,40,'番茄醬','2大匙'),(276,40,'鹽,糖','適量'),(277,41,'豆腐','150g'),(278,41,'洋蔥','半顆'),(279,41,'玉米筍','50g'),(280,41,'胡蘿蔔','50g'),(281,41,'蠔油','3匙'),(282,41,'醬油','2匙'),(283,41,'水','100ml'),(284,41,'黑胡椒','適量'),(285,41,'糖','10CC'),(286,41,'太白粉','1小匙'),(287,42,'板豆腐','2塊'),(288,42,'香菇','5朵'),(289,42,'紅蘿蔔','1/4條'),(290,42,'青蔥','1支'),(291,42,'甜豆莢','少許'),(292,42,'木耳','1片'),(293,42,'玉米筍','2-3條'),(294,42,'炸過蒜片','少許'),(295,42,'素蠔油','1小匙'),(296,42,'醬油','1小匙'),(297,42,'糖','1/2小匙'),(298,42,'黑胡椒粉','1/2小匙'),(299,42,'米酒','1小匙'),(300,42,'味精','少許'),(301,42,'鹽','少許'),(302,42,'香油','少許');
/*!40000 ALTER TABLE `solarterms_recipe_ingredients` ENABLE KEYS */;
UNLOCK TABLES;

--
-- Table structure for table `solarterms_recipe_step`
--

DROP TABLE IF EXISTS `solarterms_recipe_step`;
/*!40101 SET @saved_cs_client     = @@character_set_client */;
/*!50503 SET character_set_client = utf8mb4 */;
CREATE TABLE `solarterms_recipe_step` (
  `sid` int(11) NOT NULL AUTO_INCREMENT,
  `recipe_sid` int(11) NOT NULL,
  `step_number` int(11) NOT NULL,
  `step_introduction` varchar(255) NOT NULL,
  PRIMARY KEY (`sid`)
) ENGINE=InnoDB AUTO_INCREMENT=274 DEFAULT CHARSET=utf8;
/*!40101 SET character_set_client = @saved_cs_client */;

--
-- Dumping data for table `solarterms_recipe_step`
--

LOCK TABLES `solarterms_recipe_step` WRITE;
/*!40000 ALTER TABLE `solarterms_recipe_step` DISABLE KEYS */;
INSERT INTO `solarterms_recipe_step` VALUES (1,1,1,'雙花菜洗淨，切成適當大小備用。'),(2,1,2,'鍋中倒入米量杯2杯的水、適量鹽巴和橄欖油稍拌勻，加熱至滾。'),(3,1,3,'水滾後加入雙花菜翻拌幾下。'),(4,1,4,'蓋鍋蓋，用中火稍悶約20秒。（如果切的比較小塊時間可縮短至約15秒）開蓋再拌炒幾下至熟，關火撈至烤盤。'),(5,1,5,'依口味喜好均勻的灑上適量海鹽和適量香蒜粒（香蒜粒可加可不加）。'),(6,1,6,'鋪上滿滿、厚厚的焗烤乳酪絲。'),(7,1,7,'放入預熱好的烤箱，上下火、220度、3分鐘。（烤箱火力、大小、烤盤距離不同，請依實際調整時間和溫度）'),(8,1,8,'烤至金黃色、灑上羅勒葉（可有可無）就可以上菜嘍。'),(9,2,1,'鍋內加油倒入蛋液迅速攪拌7分熟就起鍋。'),(10,2,2,'炒香洋蔥、紅蘿蔔。'),(11,2,3,'放入雪菜炒香'),(12,2,4,'加入豆干、菇類 炒香+醬油。'),(13,2,5,'放入滿滿的小白菜、剛炒好的蛋'),(14,2,6,'將炒香的蔬菜起鍋。放入年糕+水悶煮至7分軟後，加入炒香的蔬菜拌炒至年糕軟起鍋。'),(15,2,7,'香味十足的蔬菜年糕。'),(18,3,1,'將200G面粉加入酵母和100G水，揉成光滑的面團。大概需要十分鐘。'),(19,3,2,'用擀面杖擀成長方形的面片'),(20,3,3,'向內折3折。'),(21,3,4,'再次擀開，擀成長方形。'),(22,3,5,'將准備好的紅糖均勻的撒在面皮上。'),(23,3,6,'准備好的花生碎均勻的撒在上面。爲了降低紅糖流動性，我又撒了5克面粉。也可以預先將面粉和紅糖粉攪拌均勻。面粉的量不要超過15克。'),(24,3,7,'從一端向另一端卷用鋒利的小刀，均勻的切成小份。'),(25,3,8,'放在溫暖濕潤的地方發酵，發酵到整體拿起來，感覺變輕。'),(26,3,9,'上鍋蒸12分鐘。'),(27,4,1,'萵苣洗乾淨撥小片，香菇切片，蒜頭切片'),(28,4,2,'加油後，先下蒜片和香菇，炒至香菇味散出'),(29,4,3,'放入萵苣拌炒'),(30,4,4,'炒至萵苣軟化，就可加入鰹魚粉'),(31,4,5,'撥出中間位置，加入蠔油(1-2大匙)自行調整。'),(32,4,6,'均勻拌炒，若鹹度不夠，可再加入一點點鹽調味。'),(33,4,7,'也可以用鴻禧菇(一包)喔！'),(34,5,1,'食材們'),(35,5,2,'熱油鍋先下薑絲炒香'),(36,5,3,'根先下'),(37,5,4,'葉再一起'),(38,5,5,'翻炒一下即可上桌囉！'),(39,6,1,'蒜頭切末，豆乾洗淨待切，香菜洗淨切約2公分'),(40,6,2,'豆乾切絲，我會切三片後再切絲'),(41,6,3,'切絲後用少許的鹽巴醃約15分鐘'),(42,6,4,'下油鍋油不用太熱下豆乾微拌炒，聞到豆乾香氣加入蒜末一起炒'),(43,6,5,'倒入約半杯量米杯的水'),(44,6,6,'加入一茶匙的醬油'),(45,6,7,'一小瓢的糖（可加可不加）拌炒煮至入味'),(46,6,8,'快起鍋時再加入香菜，稍微炒一下就可以起鍋'),(47,6,9,'鹹甜度，每個人的口味不一樣，可自行再增加或減少'),(48,7,1,'切蔥花,備用'),(49,7,2,'紅蘿蔔洗淨削皮，使用刨絲器刨絲。※不要用太細，會沒有口感。※對刀工有自信者可以用刀切蘿蔔絲。'),(50,7,3,'蛋打散,[蛋放入鹽巴1/4小匙(25ml)]'),(51,7,4,'先倒入2大匙(30ml)的油※傳統鐵鍋建議先潤鍋一下，我的潤鍋方式可參考小撇步。'),(52,7,5,'紅蘿蔔炒至軟爛濕潤(小火)'),(53,7,6,'將紅蘿蔔推至一旁，倒入蛋液(小火)'),(54,7,7,'煎至7-8分熟.(小火)'),(55,7,8,'放入蔥花，翻炒均勻，讓紅蘿蔔能均勻附著蛋液.(小火)'),(56,7,9,'炒至蛋全熟即可。(小火)'),(57,7,10,'完成'),(58,8,1,'準備黑木耳QQ圓、蛋白丁、乳酪條與泰式甜雞醬等料理食材。'),(59,8,2,'萵苣洗淨後，分切成塊狀後，放入碗中備用。'),(60,8,3,'黑木耳QQ圓分切成半，蛋白丁與乳酪條則分切成塊狀後，一同放入碗中。'),(61,8,4,'將泰式甜雞醬與七味粉，依個人口味喜好，適量添加。'),(62,8,5,'所有食材拌勻後，即可享用，吃來爽口美味，營養兼飽足。'),(63,8,6,'「黑木耳QQ圓」為果凍小點，有「鮮奶」、「抹茶」、「起司」、「黑糖」、「咖啡」及「可可」等口味，可單吃，也能當成粉圓玩味，或與鮮奶、豆漿、紅茶等飲品結合，也可入菜來增味，滿足味蕾嚐鮮上的不同滋味享受！'),(64,9,1,'將豆腐壓成泥並將多餘水分擠出'),(65,9,2,'將所有材料通通攪拌在一起，夠簡單吧'),(66,9,3,'可用高麗菜葉（先燙過）包成高麗菜豆腐捲'),(67,9,4,'利用水蓮綁好如圖'),(68,9,5,'沒用完的食材可以直接煎煮，就形成我們的豆腐堡了。'),(69,10,1,'食材很簡單，核桃以烤箱120度烘烤10分鐘備用。沙拉醬（美奶滋）和原味優格混合均勻。檸檬香蜂草切碎。'),(70,10,2,'蘋果、西芹去皮切適口大小，西芹滾水汆燙2分鐘後泡冰水。蘋果泡冰鹽水備用。'),(71,10,3,'與葡萄乾、檸檬香蜂末和美奶滋拌勻，以少許鹽、胡椒提味。'),(72,10,4,'美生菜洗淨撕成大塊舖底，擺上步驟3，撒上香脆核桃和少許檸檬香蜂葉片妝點（份量外），ㄧ份充滿秋天氣息的蔬果沙拉就完成囉！'),(73,11,1,'先將芒果去皮去籽後打成泥，備用'),(74,11,2,'將鮮奶油+椰奶混合打發後，再將芒果泥混入，備用'),(75,11,3,'一層芒果鮮奶油疊一層消化餅，約可疊兩層'),(76,11,4,'最上方可撒上適量椰子粉裝飾，冰入冰箱冷凍8-10小時，即可取出食用'),(77,11,5,'食用前可再撒一點檸檬皮，更可以增加香氣唷！'),(78,12,1,'將千張豆皮表面融化奶油'),(79,12,2,'摺扇子的方式摺疊'),(80,12,3,'中心往外捲在烤皿裡，依照烤皿大小調整千張數量，鬆鬆的由內往外捲'),(81,12,4,'烤皿放入蒸烤爐(烤箱)預熱180度，烤20分鐘'),(82,12,5,'布丁液：雞蛋1顆打入量杯裡，依照量杯標示計算3倍量的液體(鮮奶油+鮮奶)稍微加熱鮮奶油、柳橙皮溶解糖(不超過60度)，再混合打散蛋液。'),(83,12,6,'過濾後倒入預先烤過上色的千張豆皮，烤皿再次放入蒸烤爐180度烤20分鐘，如擔心顏色太深可蓋上錫箔紙'),(84,12,7,'出爐後稍微放涼再撒上裝飾糖粉~'),(85,12,8,'完成切的時候盡量用鋸齒刀(麵包刀)較容易切出漂亮的烤布丁，enjoy~'),(86,13,1,'生豆皮4片+洗淨的香菜40g.'),(87,13,2,'2先均勻的分開香菜,每片豆皮+10g香菜.'),(88,13,3,'將豆皮攤開成,用手將香菜撕成三段,直接將香菜擺放於生豆皮的第一段及第二段,將豆皮折成四折.(不切末以防止下鍋時香菜葉因熱收縮而跑出來.)'),(89,13,4,'折好的豆皮.'),(90,13,5,'豆皮表面有水份,(可擦乾)正反兩面灑上一些玉米粉.(可防止沾鍋).'),(91,13,6,'熱平底鍋,平底鍋加入一大湯匙的油.放入生豆皮捲,(封口端先放入),再用煎匙壓平,防止因為受熱而膨起.'),(92,13,7,'表面上色後換面,煎至兩面上色即可起鍋.起鍋後將豆皮捲切成兩半,以方便食用.(食用時沾白胡椒鹽吃即可).'),(93,14,1,'綠竹筍洗淨，與米一起放入鍋子裡，加水約8分滿。蓋上鍋蓋煮約20分鐘後熄火放涼。(綠竹筍帶殼+米一起煮會讓筍子更甜)'),(94,14,2,'白米與糙米洗淨後，與一杯半的煮竹筍水放入鍋中，浸泡備用。因為我個人喜歡吃比較Q彈的米飯，所以米跟水的比例是1:1'),(95,14,3,'鴻喜菇去除底部，用手掰開。取一鍋，不放油直接放入掰開的鴻喜菇乾煸至水分出來後，加一大匙醬油(材料外)拌炒均勻後取出。先乾煸菇類可以把菇類的多醣體(那些水分)煸出來，再加入醬油拌炒除了調味，也會增加醬香~'),(96,14,4,'將先前煮好的筍子去殼切片、紅蘿蔔去皮切絲、毛豆洗淨去除外膜備用'),(97,14,5,'所有食材都處理好後，泡著煮筍水的米鍋加入一大匙的蠔油(或香菇素蠔油)後拌勻'),(98,14,6,'再把其他準備好的材料放入鍋中。生的紅蘿蔔絲與毛豆放下面，已經熟的鴻喜菇與竹筍片放上面'),(99,14,7,'蓋上鍋蓋，開中火煮至聞到香味或是看到水蒸氣冒出，轉最小火煮10分鐘，悶15分鐘後，攪拌均勻後即可上桌食用~'),(100,14,8,'整道炊飯非常鮮香，米粒非常Q彈'),(101,14,9,'白色(白米)、紅色、綠色、黑色與黃色(竹筍與糙米)的五行色，除了配色漂亮，更是補身補行。'),(102,14,10,'因為鴻喜菇已經先乾煸，並且調味過，怕菇類特有味道的朋友也不用擔心~趁現在筍子正當季，有機會請試試看 ^^'),(103,15,1,'燒一鍋滾水，放入黃豆芽煮2~3分鐘即可撈起瀝乾。'),(104,15,2,'青蔥切末、紅蘿蔔切絲、蒜頭磨成蒜泥備用。'),(105,15,3,'將黃豆芽、蒜泥、白芝麻粒與所有調味料拌勻即可。'),(106,16,1,'香菇去蒂頭(柄)後，切片'),(107,16,2,'菠菜切段(適合就口的大小)'),(108,16,3,'蒜頭2瓣切碎末'),(109,16,4,'快卡爐/卡式爐開最大火，家用瓦斯爐開中火，熱鍋20秒後再下油'),(110,16,5,'下油20秒後下香菇煸一下'),(111,16,6,'香菇煸到金黃色(變軟)就下蒜末'),(112,16,7,'炒出蒜香後就將切好的菠菜下鍋'),(113,16,8,'隨即倒入鹽及清水，將調味料拌勻，菠菜炒到軟化就可以收工嘍'),(114,17,1,'木瓜洗淨削皮丶百香果洗淨剖開將果粒挖出放入盒子備用'),(115,17,2,'青木瓜對剖用湯匙將籽及白色棉體用力刮除乾淨丶切薄片。'),(116,17,3,'用1大茶匙鹽醃漬20分鐘可去掉青澀味，再用白開水沖洗一下去鹹味。'),(117,17,4,'將去澀的青木瓜片丶百香果粒丶2大匙白糖混合拌均勻。'),(118,17,5,'最後擠上檸檬汁（我用上一整顆）不喜酸的可依個人口味可加可不加丶再攪拌均勻，放上冰箱2～3小時（或一晩）再食用更入味'),(119,18,1,'麵粉和酵母粉先攪拌均勻，糖依個人喜好斟酌添加，再倒入桑椹汁，桑椹汁可留一點點下來，觀察麵團的狀況慢慢加（因桑椹汁穠稠水分不一，為使麵團不過乾或過黏，揉麵團可憑手感，略微調整桑椹汁量）'),(120,18,2,'麵粉材料揉成團，可蓋上乾淨溼布或保鮮膜(以防表皮乾硬)，靜置醒約5分鐘，基本發酵'),(121,18,3,'取出麵團，用擀麵棍壓出麵團氣泡，來回擀平麵團(如果怕把檯面染色，可以用墊子)'),(122,18,4,'麵團切分20等份'),(123,18,5,'每一小等份，擀成小圓'),(124,18,6,'取5小份擀好的小圓，稍微重疊排列好'),(125,18,7,'將麵團捲起來（可在中線做個記號）'),(126,18,8,'捲好後，從中間切下'),(127,18,9,'切成兩朵玫瑰花，稍微小心整理花瓣'),(128,18,10,'擺正，放上烘焙紙'),(129,18,11,'全部捲好，間隔排開，再發酵約20~30分，麵團呈現約1～5倍大。鍋子水滾後，中火蒸約15分鐘，時間到熄火，先將蓋子開一小縫，等候一分鐘，再將整個蒸鍋移出等候2分鐘，掀蓋，饅頭就完成了'),(130,19,1,'乾香菇泡水變軟後切絲備用金針花泡水變軟後瀝乾備用，香菇水、金針花水倒在一起混合備用，約一米杯的量即可，芹菜葉摘除，只需用到芹菜梗的部分，黃豆芽摘掉芽鬚，口感較好將所有食材切絲備用起油鍋先炒香紅蘿蔔絲'),(131,19,2,'待紅蘿蔔絲變亮、透明後加入香菇絲拌炒此時加半米杯香菇、金針花水翻炒'),(132,19,3,'待香菇味釋出後加入黑木耳、金針花拌炒此時再加入半米杯的香菇、金針花水翻炒'),(133,19,4,'待水份被食材吸收後加入黃豆芽、炸豆皮拌炒'),(134,19,5,'最後加入鹽、白胡椒粉、芹菜梗伴炒均勻即可關火關火候利用鍋內餘溫，加入香油翻拌均勻即可盛盤'),(135,19,6,'清爽的素什錦就完成囉'),(136,20,1,'將白蘿蔔、地瓜、削皮洗淨，以及杏鮑菇切成適當大小，水（大約1000ml）滾後，白蘿蔔先煮10分鐘再放入地瓜及杏鮑菇。'),(137,20,2,'上一步煮熟後再蓋鍋中小火燉煮20分鐘，至白蘿蔔軟透，加入昆布粉及鹽調味。煮另一鍋水燙麵條及時蔬，撈起備用。'),(138,20,3,'將新鮮金針花及素料放入湯鍋煮滾後，將湯加入麵碗中，並加上自己喜歡的調味料。'),(139,21,1,'金針去花蕊'),(140,21,2,'金針花後面根用手捏掉一點點（這個部位會比較硬，如果覺得不礙口的話可以省略這個步驟）'),(141,21,3,'去蕊去根後洗淨備用'),(142,21,4,'全部的食材'),(143,21,5,'小火熱鍋-麻油-薑絲先煸香'),(144,21,6,'放人金針花拌炒勻（開中火）-鹽-昆布粉-水拌炒熟'),(145,21,7,'拌炒熟後即可起鍋'),(146,22,1,'蒜末、胡蘿蔔絲爆香'),(147,22,2,'加莧菜梗、香菇拌炒'),(148,22,3,'加水燒開'),(149,22,4,'加豆腐燉煮3~5分鐘，鹽、香菇粉調味'),(150,22,5,'下莧菜葉，煮好後勾芡，並淋上香油、胡椒'),(151,23,1,'將小薏仁洗乾淨瀝乾備用。'),(152,23,2,'將綠豆洗乾淨瀝乾備用（綠豆如果有浮起來的就將他挑掉喔）'),(153,23,3,'將水和小薏仁放入飛利浦2105萬用鍋內，時間轉至6和12的中間，蓋上鍋蓋，洩壓閥轉至無水烹調的位置。'),(154,23,4,'等水蒸氣從排氣管飄出時，表示水已經滾了，這時候打開鍋蓋。'),(155,23,5,'將綠豆倒入鍋內，蓋上鍋蓋，洩壓閥轉至密封的位置。'),(156,23,6,'時間到以後靜置10分鐘。'),(157,23,7,'再將時間轉至6和12的中間，再次加熱。'),(158,23,8,'時間到後靜置10分鐘，再將洩壓閥轉至排氣的位置，打開鍋蓋，倒入冰糖後，蓋回鍋蓋，時間轉至6的位置，洩壓閥轉至密封的位置。'),(159,23,9,'時間到後靜置5分鐘，將洩壓閥轉至排氣，打開鍋蓋，就可以開始享用了喔。'),(160,23,10,'來碗消暑的綠豆薏仁湯吧。'),(161,24,1,'備料，雞蛋打入料理盆中備用'),(162,24,2,'備料，佛手瓜去皮切片'),(163,24,3,'熱鍋，下油放入佛手瓜，乾煎兩面後放入些許的水，加入雞粉煮到收汁'),(164,24,4,'再倒入蛋液中，均勻攪拌'),(165,24,5,'熱鍋，放入蛋液，用料理勺炒蛋至熟即完成！'),(166,24,6,'依照個人口味加入些許七味粉調味！'),(167,25,1,'山藥切塊、小米洗淨'),(168,25,2,'六杯水煮滾加入小米熬煮，再加入山藥煮10分鐘，完成。'),(169,25,3,'講求養胃健康所以完全沒有加調味料，吃不慣可以自己斟酌加入白糖（甜食會刺激胃，建議要養胃就不要加）'),(170,26,1,'白木耳切成小塊狀洗淨泡水，紅蘿蔔，小黃瓜，子薑皆切成細絲，煮一鍋水，沸騰後放入白木耳，煮約1分鐘就可撈起，浸泡冰開水備用。'),(171,26,2,'將所有的調味料加入紅蘿蔔跟小黃瓜子薑拌勻，再加入泡完冰水瀝乾的白木耳拌勻，放入保鮮盒冷藏約半小時，就可食用了，如果要更入味就放隔夜也可喔！'),(172,27,1,'將草莓冷凍了起來。正好用來製作Sherbet。雖然它質地輕盈，卻能帶來霜淇淋般的享受，綿密細緻冰冰甜甜，完全0負擔~'),(173,27,2,'草莓洗淨去蒂葉。冷凍40分鐘-1小時。*也可以冷凍一夜，攪打之前需要回溫15分鐘再切小塊。'),(174,27,3,'攪拌機內先加入冷凍草莓、糖、果汁。*新鮮檸檬汁or.酸橙汁or.山楂果汁皆可，有什麼用什麼，也可以換成白朗姆酒，可以降低冰點。'),(175,27,4,'大功率切碎攪打至果醬狀。*中途可以停下，用刮刀幫助草莓調整與刀片的位置。'),(176,27,5,'將冰牛奶倒入草莓混合物中，繼續攪打至融合。'),(177,27,6,'享用吧~可以用新鮮薄荷裝飾~'),(178,28,1,'藜麥、去殼栗子、壽司米洗淨備用。'),(179,28,2,'按下煮飯。將紅藜麥、壽司米拌勻後鋪上栗子，放入電鍋內鍋中，加水浸泡約1小時，再按下煮飯。'),(180,28,3,'待電鍋跳起，悶15至20分鐘再打開電鍋。'),(181,28,4,'先將栗子取出，加入橄欖油。'),(182,28,5,'將橄欖油和飯拌勻即可盛盤，在放上栗子。'),(183,29,1,'豆干7片，洗淨後切片'),(184,29,2,'芹菜1把，拔去葉子後，切去根部再切成段'),(185,29,3,'蒜頭2瓣，切碎末'),(186,29,4,'辣椒1根，斜切'),(187,29,5,'快卡爐/卡式爐 開大火，家用瓦斯爐開中火，隨即倒入食用油'),(188,29,6,'下油約20秒後就將芹菜下鍋拌炒'),(189,29,7,'炒出芹菜香氣之後下蒜末'),(190,29,8,'炒出蒜香味後下豆干'),(191,29,9,'豆干略為拌炒加熱之後，下鹽跟水'),(192,29,10,'鹽拌勻後，撒少許胡椒粉，再將辣椒下鍋稍微拌一下，胡椒粉拌勻之後就可以起鍋嘍'),(193,30,1,'先將所需食材苦瓜先清洗刮去內膜去籽備用'),(194,30,2,'將苦瓜切成薄片約0.2~0.3cm為較佳'),(195,30,3,'煮一鍋熱水,水滾後放入些許鹽巴後,再接著放入切好的苦瓜薄片,大約煮5~8分鐘後取出,另放至ㄧ鍋冷水將川燙過的苦瓜放入待用'),(196,30,4,'將川燙好的苦瓜薄片放入待涼備用'),(197,30,5,'取ㄧ器皿加入些許開水放入台東農產有機洛神花蜜餞'),(198,30,6,'將步驟4和5的苦瓜及加入些許冷開水的洛神花蜜餞一起放入玻璃密封盒中放入冰箱冷藏待2~3天後入味即可'),(199,30,7,'待入味後盛盤即完成'),(200,31,1,'花椰菜切成小易入口大小；洋蔥、大蒜切成末狀；小蕃茄對半切；磨菇切成片狀後備用。'),(201,31,2,'將花椰菜燙過後泡冷水備用。'),(202,31,3,'起油鍋，將洋蔥末與大蒜末下鍋炒香。'),(203,31,4,'接著倒入磨菇與小蕃茄拌炒，直到炒出磨菇香氣後，熄火備用。'),(204,31,5,'取4顆雞蛋加入牛奶、鹽巴、黑胡椒後，均勻打散成蛋液。'),(205,31,6,'接著將所有材料放入烤盤中，並在中間打上一顆蛋，用190度的溫度烤約30分鐘即可。'),(206,31,7,'出爐後，依照喜好淋上番茄醬就可以享用了，是不是很簡單呢？妳也快點來試試看吧。'),(207,32,1,'洋蔥去皮，從與蒂頭平行的方向下刀切成粗絲;蘑菇洗淨切片、紅蘿蔔削皮切絲;豆腐切大塊，備用。'),(208,32,2,'不沾平底鍋中抹上少少一層油，中火燒熱，放入切塊、瀝去多於水份的豆腐，兩面煎至金黃後盛起。'),(209,32,3,'同一鍋中再倒入約1大匙油(保持中火)，放入蒜末、紅蘿蔔絲爆香、炒出油色。'),(210,32,4,'加入洋蔥絲翻炒至洋蔥略透明，再放入蘑菇片炒熟。'),(211,32,5,'倒入所有調味料混合。'),(212,32,6,'放進煎好的豆腐塊，小心翻炒約3~5分鐘，至豆腐上色入味後即可起鍋。'),(213,33,1,'白米洗淨，浸水30分鐘讓白米吸收水份讓料理的時間縮短，瀝乾備用。'),(214,33,2,'洋蔥、紅蘿蔔切丁狀，蒜頭、蘑菇切片，備用。'),(215,33,3,'平底鍋放入無鹽奶油，用小火炒香洋蔥、蒜片，放入紅蘿蔔、蘑菇，待蔬菜都炒軟了之後放入白米與剩下的調味料A。'),(216,33,4,'稍微拌勻後，蓋上鍋蓋小火燉煮12~15分鐘，中間每隔5分鐘開蓋翻炒一下避免燒焦。'),(217,33,5,'最後等米心透了就可以放入起司絲與花椰菜拌勻，悶3分鐘即可上桌!'),(218,34,1,'備料，板豆腐切大概3公分寬的大小，南瓜洗淨去籽不去皮，也是切3公分塊狀，蔥切段'),(219,34,2,'豆腐雙面煎的洽洽，取起備用'),(220,34,3,'南瓜下鍋稍微炒一下'),(221,34,4,'下醬汁(帶皮的哪面朝下)'),(222,34,5,'把豆腐一起放入，用中小火慢慢燒'),(223,34,6,'湯汁收快乾後，加入蔥段後即可'),(224,35,1,'將食穀米稍微沖洗後，放入電鍋蒸煮至約8分熟取出備用'),(225,35,2,'備料:如圖~將南瓜塊蒸熟，綠花椰及豌豆夾可先用滾水川燙過'),(226,35,3,'備一匙油熱鍋，將洋蔥及紅蘿蔔片爆香'),(227,35,4,'再將所有備料(南瓜除外)倒入鍋加熱拌炒稍微悶煮'),(228,35,5,'另外準備鮮奶及起司球'),(229,35,6,'倒入少許鮮奶加熱，讓食材吸收'),(230,35,7,'接著放入食穀米飯於鍋中'),(231,35,8,'再加入約100cc鮮奶慢火燉，並放入南瓜一起燉煮'),(232,35,9,'接著再放入起司球2顆加熱至溶化，起鍋前放入適量鹽巴及磨研式七彩胡椒粒調味即可'),(233,35,10,'又香又濃的健康燉飯來囉!'),(234,36,1,'將十穀餅乾壓碎成粉末狀，加入微波融化的無鹽奶油，攪拌後倒入分離式烤模壓實。放進預熱至攝氏120度的烤箱烤10分鐘。'),(235,36,2,'將奶油乳酪、糖粉、南瓜泥、蛋液用電動攪拌機攪打均勻。'),(236,36,3,'先將乳酪打成乳霜狀、再加入糖粉攪打，均勻後分次加入蛋液、南瓜泥續打。'),(237,36,4,'將乳酪糊倒入放有餅乾底的烤模中，敲打一下讓表面平整，放進預熱至攝氏180度的烤箱烤35分鐘。'),(238,36,5,'出爐後放涼即可食用。'),(239,36,6,'冰過以後的南瓜乳酪蛋糕很適合夏天唷！'),(240,37,1,'海帶要先泡過水，乾香菇泡軟切片，豆包撕片，薑拍碎。（喜歡辣的也可以加點辣椒，增添色彩又唰嘴！）'),(241,37,2,'小火爆香薑跟香菇，爆至香菇呈金黃色。加入豆包和海帶繼續翻炒。炒至海帶油亮，加入素蠔油拌勻。'),(242,37,3,'撒上胡椒鹽和鹽。倒入一碗水，蓋鍋小火悶5-8分鐘。'),(243,37,4,'待醬汁收乾，起鍋盛盤，完成！'),(244,38,1,'用電動打蛋器打發奶油約一分鐘，然後加入糖拌勻'),(245,38,2,'再篩入麵粉、泡打粉和蘇打粉，拌勻，加入雞蛋。再加入核桃碎，再用手堆成麵糰，如麵糰太乾，可加點牛奶'),(246,38,3,'將麵糰分成小份，搓圓，在上面加上核桃。放在鋪有烘焙紙的烤盤上，塗上蛋液，放入已預熱180度C烤箱，烤約20分鐘至金黃色即成！'),(247,38,4,'完成'),(248,39,1,'將核桃倒入已鋪烘焙紙的烤盤中，放入烤箱以150度烤7分鐘。'),(249,39,2,'鍋中下無鹽奶油，小火加熱至融化。'),(250,39,3,'放入棉花糖，拌炒至無顆粒狀，再下奶粉，攪拌均勻後關火。'),(251,39,4,'倒入烘烤後的核桃、蔓越梅、奇福餅乾攪拌混合均勻。'),(252,39,5,'趁熱倒出來放在鋪烘焙紙的烤盤中，再蓋上一張烘焙紙，按壓塑形。'),(253,39,6,'放涼冷卻後，用刀子分切成喜愛的大小即完成囉～'),(254,40,1,'把所有食材切成丁狀備用'),(255,40,2,'起油鍋~香菇先爆香'),(256,40,3,'依序放入四季豆,玉米,加入少許的水悶煮1分鐘即可'),(257,40,4,'加入所有的調味料一起拌炒均勻最後放入紅椒快炒一下起鍋'),(258,41,1,'胡蘿蔔.玉米筍.蔥段.洋蔥切絲備用'),(259,41,2,'嫩豆腐切片.可用紙巾將豆腐水分吸乾'),(260,41,3,'沾上一層薄薄的麵粉'),(261,41,4,'少許油鍋子燒熱.將豆腐下鍋輕輕滑動鍋子'),(262,41,5,'可用湯匙輕輕翻面較不易破裂'),(263,41,6,'煎至兩面金黃成起備用'),(264,41,7,'加入蔬菜一起輕輕拌炒.淋下調好的醬汁.輕輕攪拌至所有食材均勻裹上醬汁'),(265,41,8,'完成'),(266,42,1,'將豆腐切塊狀'),(267,42,2,'將豆腐切塊狀, 泡溫水, 要炸前瀝乾水分 '),(268,42,3,'入炸油鍋炸至兩面金黃色 (或是用多點油煎兩面金黃都可) '),(269,42,4,'配菜 : 香菇泡水軟化, 對切, 木耳切片狀, 紅蘿蔔也切片狀, 玉米筍對切,甜豆莢去筋, 蔥切段狀備用.'),(270,42,5,'另起鍋少油, 放入炸過蒜片, 青蔥段, 加入適當水分 (約可蓋過所有食材)，加入所有調味料'),(271,42,6,'煮滾後,放入豆腐,蓋鍋先燜燒約15分鐘後'),(272,42,7,'放入所有配菜,,拿鍋鏟翻動豆腐時盡量用\"推\"的，避免把豆腐攪破, 最後淋上香油即可起鍋.'),(273,42,8,'成品盛盤可享用.');
/*!40000 ALTER TABLE `solarterms_recipe_step` ENABLE KEYS */;
UNLOCK TABLES;

--
-- Table structure for table `vegetarian`
--

DROP TABLE IF EXISTS `vegetarian`;
/*!40101 SET @saved_cs_client     = @@character_set_client */;
/*!50503 SET character_set_client = utf8mb4 */;
CREATE TABLE `vegetarian` (
  `sid` int(11) NOT NULL AUTO_INCREMENT,
  `classification` varchar(255) NOT NULL,
  PRIMARY KEY (`sid`)
) ENGINE=InnoDB AUTO_INCREMENT=6 DEFAULT CHARSET=utf8;
/*!40101 SET character_set_client = @saved_cs_client */;

--
-- Dumping data for table `vegetarian`
--

LOCK TABLES `vegetarian` WRITE;
/*!40000 ALTER TABLE `vegetarian` DISABLE KEYS */;
INSERT INTO `vegetarian` VALUES (1,'五辛素'),(2,'蛋素'),(3,'全素'),(4,'奶素'),(5,'蛋奶素');
/*!40000 ALTER TABLE `vegetarian` ENABLE KEYS */;
UNLOCK TABLES;

--
-- Dumping routines for database 'bearsu'
--
/*!40103 SET TIME_ZONE=@OLD_TIME_ZONE */;

/*!40101 SET SQL_MODE=@OLD_SQL_MODE */;
/*!40014 SET FOREIGN_KEY_CHECKS=@OLD_FOREIGN_KEY_CHECKS */;
/*!40014 SET UNIQUE_CHECKS=@OLD_UNIQUE_CHECKS */;
/*!40101 SET CHARACTER_SET_CLIENT=@OLD_CHARACTER_SET_CLIENT */;
/*!40101 SET CHARACTER_SET_RESULTS=@OLD_CHARACTER_SET_RESULTS */;
/*!40101 SET COLLATION_CONNECTION=@OLD_COLLATION_CONNECTION */;
/*!40111 SET SQL_NOTES=@OLD_SQL_NOTES */;

-- Dump completed on 2022-10-11  9:20:22
